FlightKey,ReceiveTime,MessageType,FlightNo,RegNo,New_RegNo,DepAirport,ArrAirport,New_Destination,New_Alternate_1,New_Departure_Time,New_Route,New_Mission_STS,RawMessage
2025-07-08_CFI057_ZLXY_ZLXY,2025-07-07 19:11:04,FPL,CFI057,B10VD,,ZLXY,ZLXY,,,,,,"(FPL-CFI057-IX
-C560/M-SDFGHIRW/EB1
-ZLXY2100
-K0200S0390 ZNX
-ZLXY0400 ZHLY ZLQY
-PBN/B1C1D1L1O1S1 REG/B10VD SEL/HJQS RMK/TCAS)"
2025-07-08_MZT5603_ZLXY_ZLDH,2025-07-07 20:12:58,FPL,MZT5603,B659L,,ZLXY,ZLDH,,,,,,"(FPL-MZT5603-IG
-CL60/M-SBDE1E2E3FGHIJ1J3J4J5RWY/LB1
-ZLXY0100
-K0867S0980 TEBIB W541 ADNEN W94 QIY W213 APESU 
W197 ANDIM B215 TODOD
-ZLDH0220 ZLLL ZWTL
-PBN/A1B1C2C3D2D3O2 DOF/250708 REG/B659L SEL/JKAQ ORGN/ZYTXUOTK
 RMK/TCAS)"
2025-07-08_MZT5603_ZLXY_ZLDH,2025-07-07 20:12:58,FPL,MZT5603,B659L,,ZLXY,ZLDH,,,,,,"(FPL-MZT5603-IG
-CL60/M-SBDE1E2E3FGHIJ1J3J4J5RWY/LB1
-ZLXY0100
-K0867S0980 TEBIB W541 ADNEN W94 QIY W213 APESU 
W197 ANDIM B215 TODOD
-ZLDH0220 ZLLL ZWTL
-PBN/A1B1C2C3D2D3O2 DOF/250708 REG/B659L SEL/JKAQ ORGN/ZYTXUOTK
 RMK/TCAS)"
2025-07-08_CSC8225_ZLXY_ZYHB,2025-07-07 21:07:00,FPL,CSC8225,B30E0,,ZLXY,ZYHB,,,,,,"(FPL-CSC8225-IS
-A20N/M-SDE1E2E3FGHIM3RWY/EB1
-ZLXY0115
-K0780S1010 WJC G212 SOTMU B339 HUR B334 TGO G212 OTABO/K0798S0810 
G212 RUSBO W203 PIGAM
-ZYHB0240 ZYCC ZYTX
-PBN/A1B1C1D1L1O1S2T1 DOF/250708 REG/B30E0 EET/ZBPE0029 ZYSH0136
 SEL/BRCS 
CODE/7818DE OPR/SICHUAN AIRLINES RMK/ACAS II CAT II)"
2025-07-08_CSC3260_ZSJN_ZLXY,2025-07-07 21:31:21,FPL,CSC3260,B32KW,,ZSJN,ZLXY,,,,,,"(FPL-CSC3260-IS
-A20N/M-SDE1E2E3FGHIM3RWY/EB2
-ZSJN0225
-K0780S0980 GULEK W4 TAMIX/K0761S0660 W4 SHX
-ZLXY0120 ZLIC ZLLL
-PBN/A1B1C1D1L1O1S2T1 DOF/250708 REG/B32KW EET/ZHWH0019 ZLHW0100
 SEL/PSBC 
CODE/7821FF OPR/SICHUAN AIRLINES RMK/ACAS II CAT II)"
2025-07-08_LHA4365_ZLXY_ZHCC,2025-07-08 01:59:59,FPL,LHA4365,B5112,,ZLXY,ZHCC,,,,,,"(FPL-LHA4365-IS
-B738/M-SDE1E3FGHIRWYZ/LB1
-ZLXY1330
-K0830S0810 SHX W4 LIMGI H103 P52
-ZHCC0107 ZHHH ZBYN
-PBN/A1B1C1D1L1O1S2 NAV/RNP2  DOF/250708 REG/B5112 
EET/ZHWH0024  SEL/AREG  CODE/780078 PER/C RMK/TCAS ORIGINAL FLIGHT
 ON 07 JUL UTC )"
2025-07-08_LHA4365_ZLXY_ZHCC,2025-07-08 02:08:25,FPL,LHA4365,B5112,,ZLXY,ZHCC,,,,,,"(FPL-LHA4365-IS
-B738/M-SDE1E3FGHIRWYZ/LB1
-ZLXY1330
-K0830S0810 SHX W4 LIMGI H103 P52
-ZHCC0107 ZHHH ZBYN
-PBN/A1B1C1D1L1O1S2 NAV/RNP2 DOF/250708 REG/B5112 EET/ZHWH0024
 SEL/AREG 
CODE/780078 PER/C RMK/TCAS ORIGINAL FLIGHT ON 07 JUL UTC)"
2025-07-08_CMS571_UGTB_ZLXY,2025-07-08 02:26:04,FPL,CMS571,4LCMA,,UGTB,ZLXY,,,,,,"(FPL-CMS571-IS
-B738/M-SDE1FGHILORUWXYZ/EB1
-UGTB0600
-N0458F390 DISKA1D DISKA M737 VERCA M747 SUBUT T916 LEYLA N161 DIVNO
 M610 KZO 
L855 TUROK T916 PIGAL M610 RULAD/K0825S1130 A343 POSOT B215 FKG W192
 
ESDEX W191 DNC W565 BIGUX W214 HO
-ZLXY0634 ZUTF
-PBN/A1B1C1D1O1S1 DAT/CPDLCX SUR/260B DOF/250708 REG/4LCMA
 EET/UBBA0008 
UATT0041 UAII0140 UAAA0248 ZWUQ0320 ZLHW0440 CODE/5140C5 OPR/CAMEX 
AIRLINES RMK/AGCS ACAS TCAS 71 EQUIPPED FERRY FLIGHT PERMITS GEORGIA
 
GEO181225CH KAZAKSTAN APPROVED CHINA CAD2025S2605 DELAYED FROM
 CMS571 
WITH ORIGINAL DATE 08 JUL PKT DAY 2 PERMIT)"
2025-07-08_AAR347_RKSI_ZLXY,2025-07-08 02:33:03,FPL,AAR347,HL8399,,RKSI,ZLXY,,,,,,"(FPL-AAR347-IS
-A21N/M-SDE2E3FGHIJ3J7M3P2RWXYZ/LB1D1
-RKSI0100
-K0870S0980 NOPIK2Y NOPIK Y697 BINIL Y697 AGAVO/K0870S0980 A591 
IKEKA W4 HCH W200 DOVIV/K0862S1040 W55 PAMRU W34 VYK B215 
EKETA/K0868S0980 B215 GODON W43 UGOTU/K0864S0920 W43 GUTRU W47 
LOVRA
-ZLXY0232 ZUCK
-PBN/A1B1C1D1L1O1S2 DAT/1FANSP SUR/RSP180 260B DOF/250708 REG/HL8399
 
EET/ZSHA0019 ZBPE0050 ZLHW0153 SEL/DRQS CODE/71C399 OPR/AAR PER/C 
RMK/TCAS II EQUIPPED)"
2025-07-08_AAR347_RKSI_ZLXY,2025-07-08 02:33:03,FPL,AAR347,HL8399,,RKSI,ZLXY,,,,,,"(FPL-AAR347-IS
-A21N/M-SDE2E3FGHIJ3J7M3P2RWXYZ/LB1D1
-RKSI0100
-K0870S0980 NOPIK2Y NOPIK Y697 BINIL Y697 AGAVO/K0870S0980 A591 
IKEKA W4 HCH W200 DOVIV/K0862S1040 W55 PAMRU W34 VYK B215 
EKETA/K0868S0980 B215 GODON W43 UGOTU/K0864S0920 W43 GUTRU W47 
LOVRA
-ZLXY0232 ZUCK
-PBN/A1B1C1D1L1O1S2 DAT/1FANSP SUR/RSP180 260B DOF/250708 REG/HL8399
 
EET/ZSHA0019 ZBPE0050 ZLHW0153 SEL/DRQS CODE/71C399 OPR/AAR PER/C 
RMK/TCAS II EQUIPPED)"
2025-07-08_CQH8832_ZLXY_ZYTX,2025-07-08 03:12:06,FPL,CQH8832,B32KS,,ZLXY,ZYTX,,,,,,"(FPL-CQH8832-IS
-A20N/M-SDE3FGHIM3RWYZ/LB1
-ZLXY2225
-K0850S1070 WJC G212 VYK W34 PAMRU W244 IGMOR W36 ENVAV W243 OTBUL
 W35 CHG A575 OMDUS
-ZYTX0212 ZBTL ZYCC
-PBN/A1B1C1D1L1O1S2 NAV/RNP2 REG/B32KS EET/ZBPE0028 ZYSH0130
 SEL/HPFS CODE/7821F4 RMK/TCAS ADSB
)"
2025-07-08_CQH8832_ZLXY_ZYTX,2025-07-08 03:12:06,FPL,CQH8832,B32KS,,ZLXY,ZYTX,,,,,,"(FPL-CQH8832-IS
-A20N/M-SDE3FGHIM3RWYZ/LB1
-ZLXY2225
-K0850S1070 WJC G212 VYK W34 PAMRU W244 IGMOR W36 ENVAV W243 OTBUL
 W35 CHG A575 OMDUS
-ZYTX0212 ZBTL ZYCC
-PBN/A1B1C1D1L1O1S2 NAV/RNP2 REG/B32KS EET/ZBPE0028 ZYSH0130
 SEL/HPFS CODE/7821F4 RMK/TCAS ADSB
)"
2025-07-08_CQH8832_ZLXY_ZYTX,2025-07-08 03:12:19,FPL,CQH8832,B32KS,,ZLXY,ZYTX,,,,,,"(FPL-CQH8832-IS
-A20N/M-SDE3FGHIM3RWYZ/LB1
-ZLXY2225
-K0850S1070 WJC G212 VYK W34 PAMRU W244 IGMOR W36 ENVAV W243 OTBUL 
W35 CHG A575 OMDUS
-ZYTX0212 ZBTL ZYCC
-PBN/A1B1C1D1L1O1S2 NAV/RNP2 REG/B32KS EET/ZBPE0028 ZYSH0130
 SEL/HPFS 
CODE/7821F4 RMK/TCAS ADSB)"
2025-07-08_CQH8832_ZLXY_ZYTX,2025-07-08 03:12:19,FPL,CQH8832,B32KS,,ZLXY,ZYTX,,,,,,"(FPL-CQH8832-IS
-A20N/M-SDE3FGHIM3RWYZ/LB1
-ZLXY2225
-K0850S1070 WJC G212 VYK W34 PAMRU W244 IGMOR W36 ENVAV W243 OTBUL 
W35 CHG A575 OMDUS
-ZYTX0212 ZBTL ZYCC
-PBN/A1B1C1D1L1O1S2 NAV/RNP2 REG/B32KS EET/ZBPE0028 ZYSH0130
 SEL/HPFS 
CODE/7821F4 RMK/TCAS ADSB)"
2025-07-08_CES2104_ZBAD_ZLXY,2025-07-08 04:43:47,FPL,CES2104,B32N1,,ZBAD,ZLXY,,,,,,"(FPL-CES2104-IS
-A21N/M-SDE1E2E3FGHIM1RWY/LB1
-ZBAD0100
-K0900S0720 PEGSO B215 GODON W43 ATERI/K0809S0600 W43 GUTRU W47 
LOVRA
-ZLXY0139 ZHCC
-PBN/A1B1C1D1L1O1S2 SUR/260B DOF/250708 REG/B32N1 EET/ZLHW0058
 SEL/KMHQ 
CODE/7822C7 RMK/TCAS II CAT II APPROVED)"
2025-07-08_CES2104_ZBAD_ZLXY,2025-07-08 04:43:47,FPL,CES2104,B32N1,,ZBAD,ZLXY,,,,,,"(FPL-CES2104-IS
-A21N/M-SDE1E2E3FGHIM1RWY/LB1
-ZBAD0100
-K0900S0720 PEGSO B215 GODON W43 ATERI/K0809S0600 W43 GUTRU W47 
LOVRA
-ZLXY0139 ZHCC
-PBN/A1B1C1D1L1O1S2 SUR/260B DOF/250708 REG/B32N1 EET/ZLHW0058
 SEL/KMHQ 
CODE/7822C7 RMK/TCAS II CAT II APPROVED)"
2025-07-08_CES2293_ZLXY_ZWSH,2025-07-08 04:47:45,FPL,CES2293,B5921,,ZLXY,ZWSH,,,,,,"(FPL-CES2293-IS
-A332/H-SDE1E2E3FGHIJ2J3J5M1P2RWYZ/LB1D1
-ZLXY0105
-K0879S1040 TEBIB W541 ADNEN W94 QIY W213 APESU W197 ANDIM B215 
TODOD W112 TUSLI W187 SADAN W186 AKS W176 KHG
-ZWSH0408 ZWWW
-PBN/A1B1C1D1L1O1S2 NAV/RNP2 DAT/CPDLCX SUR/260B RSP180 CANMANDATE 
DOF/250708 REG/B5921 EET/ZWUQ0211 SEL/BRCD CODE/7809B9 RMK/TCAS II 
CAT II APPROVED)"
2025-07-08_CDC8765_ZLXY_UTTT,2025-07-08 05:19:50,FPL,CDC8765,B303T,,ZLXY,UTTT,,,,,,"(FPL-CDC8765-IS
-A319/M-SDE1FGHIM3RWY/LB2
-ZLXY0140
-K0856S0920 TEBIB W541 ADNEN W94 QIY W213 APESU W197 ANDIM B215 
TODOD W112 TUSLI W187 SADAN W186 KAMUD/N0454F300 L147 BALVU B351 
RUDEK L143 TISIB
-UTTT0458 UTFN
-PBN/A1B1C1D1L1O1S2 DOF/250708 REG/B303T EET/ZWUQ0227 UCFM0357
 UCFO0438 
UTTR0452 SEL/DRBH CODE/78156D OPR/ZHEJIANGLOONGAIR RMK/CAT II TCAS 
AOC TEL 057182352500 OR 057181689590)"
2025-07-08_CDC8765_ZLXY_UTTT,2025-07-08 05:19:50,FPL,CDC8765,B303T,,ZLXY,UTTT,,,,,,"(FPL-CDC8765-IS
-A319/M-SDE1FGHIM3RWY/LB2
-ZLXY0140
-K0856S0920 TEBIB W541 ADNEN W94 QIY W213 APESU W197 ANDIM B215 
TODOD W112 TUSLI W187 SADAN W186 KAMUD/N0454F300 L147 BALVU B351 
RUDEK L143 TISIB
-UTTT0458 UTFN
-PBN/A1B1C1D1L1O1S2 DOF/250708 REG/B303T EET/ZWUQ0227 UCFM0357
 UCFO0438 
UTTR0452 SEL/DRBH CODE/78156D OPR/ZHEJIANGLOONGAIR RMK/CAT II TCAS 
AOC TEL 057182352500 OR 057181689590)"
2025-07-08_CES2269_ZLXY_ZGSZ,2025-07-08 05:39:09,FPL,CES2269,B32LT,,ZLXY,ZGSZ,,,,,,"(FPL-CES2269-IS
-A21N/M-SDE1E2E3FGHIM1RWY/LB1
-ZLXY0155
-K0861S0920 NSH W30 TAMUS W180 BONSA/K0863S0890 W180 LIDMA W182 
LAGEX G586 SJG B330 POU W7 SAREX
-ZGSZ0229 ZGSD ZGOW
-PBN/A1B1C1D1L1O1S2 SUR/260B DOF/250708 REG/B32LT EET/ZPKM0034
 ZGZU0130 
SEL/FMBL CODE/782242 RMK/TCAS II CAT II APPROVED)"
2025-07-08_TBA6021_ZLXY_ZSJN,2025-07-08 06:02:42,FPL,TBA6021,B32FF,,ZLXY,ZSJN,,,,,,"(FPL-TBA6021-IS
-A19N/M-SDE1E2E3GHIM1RWY/LB2
-ZLXY0115
-K0780S0890 SHX W4 GULEK
-ZSJN0125 ZBTJ ZBSJ
-PBN/B1C1D1L1O2S2T1 NAV/ABAS REG/B32FF
 EET/ZHWH0030 ZSHA0105 SEL/AQKL  CODE/781FD5
 RMK/ACASII AND CATII )"
2025-07-08_TBA6021_ZLXY_ZSJN,2025-07-08 06:02:42,FPL,TBA6021,B32FF,,ZLXY,ZSJN,,,,,,"(FPL-TBA6021-IS
-A19N/M-SDE1E2E3GHIM1RWY/LB2
-ZLXY0115
-K0780S0890 SHX W4 GULEK
-ZSJN0125 ZBTJ ZBSJ
-PBN/B1C1D1L1O2S2T1 NAV/ABAS REG/B32FF
 EET/ZHWH0030 ZSHA0105 SEL/AQKL  CODE/781FD5
 RMK/ACASII AND CATII )"
2025-07-08_TBA6021_ZLXY_ZSJN,2025-07-08 06:02:48,FPL,TBA6021,B32FF,,ZLXY,ZSJN,,,,,,"(FPL-TBA6021-IS
-A19N/M-SDE1E2E3GHIM1RWY/LB2
-ZLXY0115
-K0780S0890 SHX W4 GULEK
-ZSJN0125 ZBTJ ZBSJ
-PBN/B1C1D1L1O2S2T1 NAV/ABAS REG/B32FF EET/ZHWH0030 ZSHA0105
 SEL/AQKL 
CODE/781FD5 RMK/ACASII AND CATII)"
2025-07-08_TBA6021_ZLXY_ZSJN,2025-07-08 06:02:49,FPL,TBA6021,B32FF,,ZLXY,ZSJN,,,,,,"(FPL-TBA6021-IS
-A19N/M-SDE1E2E3GHIM1RWY/LB2
-ZLXY0115
-K0780S0890 SHX W4 GULEK
-ZSJN0125 ZBTJ ZBSJ
-PBN/B1C1D1L1O2S2T1 NAV/ABAS REG/B32FF EET/ZHWH0030 ZSHA0105
 SEL/AQKL 
CODE/781FD5 RMK/ACASII AND CATII)"
2025-07-08_CES2104_ZBAD_ZLXY,2025-07-08 06:19:18,CHG,CES2104,,,ZBAD,ZLXY,ZLXY,ZLYL,,,,"(CHG-CES2104-ZBAD0100-ZLXY-DOF/250708
-16/ZLXY0138 ZLYL ZHCC)"
2025-07-08_CES2225_ZSSS_ZLXY,2025-07-08 06:32:54,FPL,CES2225,B5943,,ZSSS,ZLXY,,,,,,"(FPL-CES2225-IS
-A332/H-SDE1E2E3FGHIJ2J3J5M1P2RWYZ/LB1D1
-ZSSS0250
-K0846S0920 PIKAS G330 PIMOL V14 NOBEM W73 VEMEX W163 HFE B208 
ZHO H14 SHX
-ZLXY0201 ZLIC
-PBN/A1B1C1D1L1O1S2 NAV/RNP2 DAT/CPDLCX SUR/260B RSP180 CANMANDATE 
DOF/250708 REG/B5943 EET/ZHWH0055 ZLHW0135 SEL/AFBG CODE/780C01
 RMK/TCAS 
II CAT II APPROVED)"
2025-07-08_CDC8153_ZLXY_ZWSH,2025-07-08 06:41:10,FPL,CDC8153,B32AN,,ZLXY,ZWSH,,,,,,"(FPL-CDC8153-IS
-A21N/M-SDE1FGHIM3RWY/LB2
-ZLXY0250
-K0857S0920 TEBIB W541 ADNEN W94 QIY W213 APESU W197 ANDIM B215 
TODOD W112 TUSLI W187 SADAN W186 AKS W176 KHG
-ZWSH0409 ZWAK ZWAL
-PBN/A1B1C1D1L1O1S2 DOF/250708 REG/B32AN EET/ZWUQ0226 SEL/HPAK
 CODE/781E0A 
OPR/ZHEJIANGLOONGAIR RALT/ZLXY ZLDH RMK/ACAS II AOC TEL 057182352500
 
OR 057181689590)"
2025-07-08_KAL811_RKSI_ZLXY,2025-07-08 06:48:54,FPL,KAL811,HL7710,,RKSI,ZLXY,,,,,,"(FPL-KAL811-IS
-A333/H-SDE2FGHIJ3J5M1P2RWXYZ/LB1D1
-RKSI0140
-K0898S1040 DCT NOPIK Y697 AGAVO/K0898S1040 A591 IKEKA W4 HCH W200 
DOVIV W55 PAMRU W34 VYK B215 GODON W43 GUTRU W47 LOVRA
-ZLXY0231 ZBTJ
-PBN/A1B1C1D1L1O1S2 DAT/1FANS CPDLCX SUR/RSP180 DOF/250708
 REG/HL7710 
EET/ZSHA0022 ZBPE0053 ZLHW0154 SEL/MPDJ CODE/71BF10 RMK/TCAS II
 EQUIPPED)"
2025-07-08_CPA946_VHHH_ZLXY,2025-07-08 07:11:42,FPL,CPA946,BLBF,,VHHH,ZLXY,,,,,,"(FPL-CPA946-IS
-A333/H-SDE3GHIJ3J7M3P2RWYZ/LB1D1
-VHHH0310
-K0874S0690 BEKOL/K0874S1220 A461 SHL W22 TEPID W24 OSNOV G586 QP 
B330 ELKAL W179 IGNAK/K0876S1190 W179 WFX W81 MAKVI/K0879S1130 W81 
NSH
-ZLXY0242 ZUTF
-PBN/A1B1C1D1L1O1S2T1 NAV/RNP2 DAT/CPDLCX SUR/260B RSP180 DOF/250708
 
REG/BLBF EET/ZGZU0012 ZPKM0104 ZLHW0213 SEL/ADJM CODE/780A80 OPR/CPA
 
PER/D RMK/TCAS)"
2025-07-08_CFI057_ZLXY_ZLXY,2025-07-08 07:20:03,DLA,CFI057,,,ZLXY,ZLXY,,,2320,,,(DLA-CFI057-ZLXY2320-ZLXY-0)
2025-07-08_CCA8106_ZLXY_ZBHH,2025-07-08 07:30:33,FPL,CCA8106,B652Z,,ZLXY,ZBHH,,,,,,"(FPL-CCA8106-IS
-AJ27/M-SDE1E2E3FGHIRWYZ/LB1
-ZLXY0305
-K0851S0890 WJC W193 ALGOV W101 VALNI
-ZBHH0115 ZBSJ ZBYN
-PBN/A1B1C1D1L1O1S2 NAV/ABAS RNP2 DOF/250708 REG/B652Z EET/ZBPE0037 
SEL/DHFR CODE/781E4A RMK/TCAS)"
2025-07-08_CKS785D_ZLXY_RKSI,2025-07-08 08:10:28,FPL,CKS785D,N745CK,,ZLXY,RKSI,,,,,,"(FPL-CKS785D-IN
-B744/H-SDE2E3FGHIJ4J7M3P2RWXYZ/LB1D1
-ZLXY0400
-K0943S1070 WJC G212 VYK W34 VAPGU W100 ORAVA W201 UNSEK A326 DONVO
 G597 AGAVO/N0511F350 
Y644 REBIT REBIT2A
-RKSI0210 RKTU
-PBN/A1L1B1C1D1O1S2 NAV/Z1 RNP2 DAT/1FANS CPDLCX SUR/260B RSP180
 CANMANDATE 
DOF/250708 REG/N745CK EET/ZBPE0023 ZYSH0116 ZSHA0130 RKRR0142
 SEL/ACKP 
CODE/AA0559 PER/D RMK/TCAS II EQUIPPED OVRFLT PERMITS CHINA CAD
 2025S2985 
SOUTH KOREA APPROVED LND PERMIT SOUTH KOREA APPROVED)"
2025-07-08_CKS785D_ZLXY_RKSI,2025-07-08 08:10:28,FPL,CKS785D,N745CK,,ZLXY,RKSI,,,,,,"(FPL-CKS785D-IN
-B744/H-SDE2E3FGHIJ4J7M3P2RWXYZ/LB1D1
-ZLXY0400
-K0943S1070 WJC G212 VYK W34 VAPGU W100 ORAVA W201 UNSEK A326 DONVO
 G597 AGAVO/N0511F350 
Y644 REBIT REBIT2A
-RKSI0210 RKTU
-PBN/A1L1B1C1D1O1S2 NAV/Z1 RNP2 DAT/1FANS CPDLCX SUR/260B RSP180
 CANMANDATE 
DOF/250708 REG/N745CK EET/ZBPE0023 ZYSH0116 ZSHA0130 RKRR0142
 SEL/ACKP 
CODE/AA0559 PER/D RMK/TCAS II EQUIPPED OVRFLT PERMITS CHINA CAD
 2025S2985 
SOUTH KOREA APPROVED LND PERMIT SOUTH KOREA APPROVED)"
2025-07-08_CES2109_ZLXY_ZBAD,2025-07-08 08:42:42,FPL,CES2109,B32N1,,ZLXY,ZBAD,,,,,,"(FPL-CES2109-IS
-A21N/M-SDE1E2E3FGHIM1RWY/LB1
-ZLXY0500
-K0887S0810 WJC G212 TONOV/K0853S0690 G212 BELAX
-ZBAD0121 ZBTJ ZBSJ
-PBN/A1B1C1D1L1O1S2 SUR/260B DOF/250708 REG/B32N1 EET/ZBPE0025
 SEL/KMHQ 
CODE/7822C7 RMK/TCAS II CAT II APPROVED)"
2025-07-08_CES2109_ZLXY_ZBAD,2025-07-08 08:42:43,FPL,CES2109,B32N1,,ZLXY,ZBAD,,,,,,"(FPL-CES2109-IS
-A21N/M-SDE1E2E3FGHIM1RWY/LB1
-ZLXY0500
-K0887S0810 WJC G212 TONOV/K0853S0690 G212 BELAX
-ZBAD0121 ZBTJ ZBSJ
-PBN/A1B1C1D1L1O1S2 SUR/260B DOF/250708 REG/B32N1 EET/ZBPE0025
 SEL/KMHQ 
CODE/7822C7 RMK/TCAS II CAT II APPROVED)"
2025-07-08_CSN6414_ZLXY_ZYTX,2025-07-08 08:44:24,FPL,CSN6414,B303J,,ZLXY,ZYTX,,,,,,"(FPL-CSN6414-IS
-A21N/M-SADE2E3FGHIJ3J5LM1OP2RVWYZ/LB1D1
-ZLXY0420
-K0870S1010 WJC G212 VYK W34 PAMRU W244 IGMOR W36 ENVAV W243 OTBUL 
W35 CHG A575 OMDUS
-ZYTX0208 ZYCC
-PBN/A1B1C1D1L1O1S2 NAV/ABAS RNP2 DOF/250708 REG/B303J EET/ZBPE0025 
ZYSH0127 SEL/BJCH CODE/781552 PER/C RMK/ACASII HUD)"
2025-07-08_CHH7898_ZLXY_ZWWW,2025-07-08 08:48:14,FPL,CHH7898,B32LY,,ZLXY,ZWWW,,,,,,"(FPL-CHH7898-IS
-A21N/M-SDE1E2E3FGHIM1RWYZ/LB1
-ZLXY0340
-M078S0980 TEBIB W541 ADNEN W94 QIY W213 APESU W197 ANDIM 
B215 IBANO G470 QTV W99 FKG B215 WUR
-ZWWW0301 ZWTL ZWHZ
-PBN/A1B1C1D1L1O1S2 NAV/ABAS DOF/250708 REG/B32LY EET/ZWUQ0200
 SEL/2759 
CODE/78224D OPR/HAINAN AIRLINES RMK/ACAS II)"
2025-07-08_CHH7898_ZLXY_ZWWW,2025-07-08 08:48:15,FPL,CHH7898,B32LY,,ZLXY,ZWWW,,,,,,"(FPL-CHH7898-IS
-A21N/M-SDE1E2E3FGHIM1RWYZ/LB1
-ZLXY0340
-M078S0980 TEBIB W541 ADNEN W94 QIY W213 APESU W197 ANDIM 
B215 IBANO G470 QTV W99 FKG B215 WUR
-ZWWW0301 ZWTL ZWHZ
-PBN/A1B1C1D1L1O1S2 NAV/ABAS DOF/250708 REG/B32LY EET/ZWUQ0200
 SEL/2759 
CODE/78224D OPR/HAINAN AIRLINES RMK/ACAS II)"
2025-07-08_AAR348_ZLXY_RKSI,2025-07-08 08:50:19,FPL,AAR348,HL8399,,ZLXY,RKSI,,,,,,"(FPL-AAR348-IS                                                      
-A21N/M-SDE2E3FGHIJ3J7M3P2RWXYZ/LB1D1                               
-ZLXY0510                                                           
-K0854S1010 WJC G212 VYK W34 VAPGU W100 ORAVA W201 UNSEK A326       
 ALARA/K0858S0810 A326 DONVO G597 AGAVO/N0443F250 Y644 REBIT        
 REBIT2A                                                            
-RKSI0220 RKSS                                                      
-PBN/A1B1C1D1L1O1S2 DAT/1FANSP SUR/RSP180 260B DOF/250708           
 REG/HL8399 EET/ZBPE0024 ZYSH0122 ZSHA0138 RKRR0151 SEL/DRQS        
 CODE/71C399 OPR/AAR PER/C RMK/TCAS II EQUIPPED)"
2025-07-08_AAR348_ZLXY_RKSI,2025-07-08 08:50:21,FPL,AAR348,HL8399,,ZLXY,RKSI,,,,,,"(FPL-AAR348-IS
-A21N/M-SDE2E3FGHIJ3J7M3P2RWXYZ/LB1D1
-ZLXY0510
-K0854S1010 WJC G212 VYK W34 VAPGU W100 ORAVA W201 UNSEK A326 
ALARA/K0858S0810 A326 DONVO G597 AGAVO/N0443F250 Y644 REBIT 
REBIT2A
-RKSI0220 RKSS
-PBN/A1B1C1D1L1O1S2 DAT/1FANSP SUR/RSP180 260B DOF/250708 REG/HL8399
 
EET/ZBPE0024 ZYSH0122 ZSHA0138 RKRR0151 SEL/DRQS CODE/71C399 OPR/AAR
 
PER/C RMK/TCAS II EQUIPPED)"
2025-07-08_MZT6279_ZSSR_ZLXY,2025-07-08 08:59:26,FPL,MZT6279,B7765,,ZSSR,ZLXY,,,,,,"(FPL-MZT6279-IG
-GL5T/M-SDFGHIM1RWY/LB1
-ZSSR0830
-K0878S0980 P644 H17 JDZ H2 HFE B208 ZHO H14 SHX
-ZLXY0155 ZBYN ZHCC
-PBN/A1B1C2C3D2D3O2 DOF/250708 REG/B7765 SEL/GJBR ORGN/ZYTXUOTK
 RMK/TCAS)"
2025-07-08_MZT6279_ZSSR_ZLXY,2025-07-08 08:59:26,FPL,MZT6279,B7765,,ZSSR,ZLXY,,,,,,"(FPL-MZT6279-IG
-GL5T/M-SDFGHIM1RWY/LB1
-ZSSR0830
-K0878S0980 P644 H17 JDZ H2 HFE B208 ZHO H14 SHX
-ZLXY0155 ZBYN ZHCC
-PBN/A1B1C2C3D2D3O2 DOF/250708 REG/B7765 SEL/GJBR ORGN/ZYTXUOTK
 RMK/TCAS)"
2025-07-08_CQN2165_ZGSZ_ZLXY,2025-07-08 09:16:51,FPL,CQN2165,B30E3,,ZGSZ,ZLXY,,,,,,"(FPL-CQN2165-IS
-A21N/M-SADE2E3FGHIJ3J5LM1ORVWYZ/LB1
-ZGSZ0415
-K0875S0920 MIPAG W21 NUSLA W22 TEPID W24 OSNOV G586 QP B330 
SJG/K0860S0950 W102 SHX
-ZLXY0212 ZUCK
-PBN/A1B1C1D1L1O1S2 NAV/ABAS RNP2 DOF/250708 REG/B30E3 EET/ZHWH0120 
ZLHW0140 SEL/AQBE CODE/7818FA OPR/CQN PER/C RMK/ACASII)"
2025-07-08_TBA6022_ZSJN_ZLXY,2025-07-08 09:34:07,FPL,TBA6022,B32FF,,ZSJN,ZLXY,,,,,,"(FPL-TBA6022-IS
-A19N/M-SDE1E2E3GHIM1RWY/LB2
-ZSJN0430
-K0780S0980 GULEK W4 SHX
-ZLXY0122 ZLLL ZBYC
-PBN/B1C1D1L1O2S2T1 NAV/ABAS REG/B32FF
 EET/ZHWH0005 ZLHW0045 SEL/AQKL  CODE/781FD5
 RMK/ACASII AND CATII )"
2025-07-08_TBA6022_ZSJN_ZLXY,2025-07-08 09:34:07,FPL,TBA6022,B32FF,,ZSJN,ZLXY,,,,,,"(FPL-TBA6022-IS
-A19N/M-SDE1E2E3GHIM1RWY/LB2
-ZSJN0430
-K0780S0980 GULEK W4 SHX
-ZLXY0122 ZLLL ZBYC
-PBN/B1C1D1L1O2S2T1 NAV/ABAS REG/B32FF
 EET/ZHWH0005 ZLHW0045 SEL/AQKL  CODE/781FD5
 RMK/ACASII AND CATII )"
2025-07-08_TBA6022_ZSJN_ZLXY,2025-07-08 09:34:14,FPL,TBA6022,B32FF,,ZSJN,ZLXY,,,,,,"(FPL-TBA6022-IS
-A19N/M-SDE1E2E3GHIM1RWY/LB2
-ZSJN0430
-K0780S0980 GULEK W4 SHX
-ZLXY0122 ZLLL ZBYC
-PBN/B1C1D1L1O2S2T1 NAV/ABAS REG/B32FF EET/ZHWH0005 ZLHW0045
 SEL/AQKL 
CODE/781FD5 RMK/ACASII AND CATII)"
2025-07-08_TBA6022_ZSJN_ZLXY,2025-07-08 09:34:14,FPL,TBA6022,B32FF,,ZSJN,ZLXY,,,,,,"(FPL-TBA6022-IS
-A19N/M-SDE1E2E3GHIM1RWY/LB2
-ZSJN0430
-K0780S0980 GULEK W4 SHX
-ZLXY0122 ZLLL ZBYC
-PBN/B1C1D1L1O2S2T1 NAV/ABAS REG/B32FF EET/ZHWH0005 ZLHW0045
 SEL/AQKL 
CODE/781FD5 RMK/ACASII AND CATII)"
2025-07-08_CSC8226_ZYHB_ZLXY,2025-07-08 09:37:30,FPL,CSC8226,B30E0,,ZYHB,ZLXY,,,,,,"(FPL-CSC8226-IS
-A20N/M-SDE1E2E3FGHIM3RWY/EB1
-ZYHB0520
-K0780S1040 LEGAG W204 RUSBO G212 TGO B334 KAKAT W28 
OSNEV/K0859S0980 W28 VERMI H13 HET W84 IBARO/K0843S0840 W47 
PABNI/K0765S0600 W47 LOVRA
-ZLXY0310 ZUMY ZUUU
-PBN/A1B1C1D1L1O1S2T1 DOF/250708 REG/B30E0 EET/ZBPE0105 ZLHW0216
 SEL/BRCS 
CODE/7818DE OPR/SICHUAN AIRLINES RMK/ACAS II CAT II)"
2025-07-08_HXA2769_ZLXY_ZSJU,2025-07-08 09:37:54,DLA,HXA2769,,,ZLXY,ZSJU,,,0325,,,(DLA-HXA2769-ZLXY0325-ZSJU-DOF/250708)
2025-07-08_CES2270_ZGSZ_ZLXY,2025-07-08 09:47:15,FPL,CES2270,B32LT,,ZGSZ,ZLXY,,,,,,"(FPL-CES2270-IS
-A21N/M-SDE1E2E3FGHIM1RWY/LB1
-ZGSZ0605
-K0859S0920 MIPAG W21 NUSLA W22 TEPID W24 OSNOV G586 QP B330 
SJG/K0866S0890 W102 SHX
-ZLXY0216 ZLYL
-PBN/A1B1C1D1L1O1S2 SUR/260B DOF/250708 REG/B32LT EET/ZHWH0120
 ZLHW0141 
SEL/FMBL CODE/782242 RMK/TCAS II CAT II APPROVED)"
2025-07-08_CGN8440_ZGBH_ZLXY,2025-07-08 09:54:45,DLA,CGN8440,,,ZGBH,ZLXY,,,0330,,,(DLA-CGN8440-ZGBH0330-ZLXY-DOF/250708)
2025-07-08_CSC3259_ZLXY_ZSJN,2025-07-08 09:54:48,FPL,CSC3259,B32KW,,ZLXY,ZSJN,,,,,,"(FPL-CSC3259-IS
-A20N/M-SDE1E2E3FGHIM3RWY/EB2
-ZLXY0550
-K0780S1010 SHX W4 GULEK
-ZSJN0120 ZSQD ZSOF
-PBN/A1B1C1D1L1O1S2T1 DOF/250708 REG/B32KW EET/ZHWH0020 ZSHA0101
 SEL/PSBC 
CODE/7821FF OPR/SICHUAN AIRLINES RMK/ACAS II)"
2025-07-08_CHH7898_ZLXY_ZWWW,2025-07-08 10:05:50,FPL,CHH7898,B32LY,,ZLXY,ZWWW,,,,,,"(FPL-CHH7898-IS
-A21N/M-SDE1E2E3FGHIM1RWYZ/LB1
-ZLXY0340
-M078S0980 TEBIB W541 ADNEN W94 QIY W213 APESU W197 IDOPA 
W195 POTOT W66 NUKTI B215 HAM W99 FKG B215 WUR
-ZWWW0311 ZWTL ZWHZ
-PBN/A1B1C1D1L1O1S2 NAV/ABAS DOF/250708 REG/B32LY EET/ZWUQ0208
 SEL/2759 
CODE/78224D OPR/HAINAN AIRLINES RMK/ACAS II)"
2025-07-08_CHH7898_ZLXY_ZWWW,2025-07-08 10:05:50,FPL,CHH7898,B32LY,,ZLXY,ZWWW,,,,,,"(FPL-CHH7898-IS
-A21N/M-SDE1E2E3FGHIM1RWYZ/LB1
-ZLXY0340
-M078S0980 TEBIB W541 ADNEN W94 QIY W213 APESU W197 IDOPA 
W195 POTOT W66 NUKTI B215 HAM W99 FKG B215 WUR
-ZWWW0311 ZWTL ZWHZ
-PBN/A1B1C1D1L1O1S2 NAV/ABAS DOF/250708 REG/B32LY EET/ZWUQ0208
 SEL/2759 
CODE/78224D OPR/HAINAN AIRLINES RMK/ACAS II)"
2025-07-08_CKS786_PANC_ZLXY,2025-07-08 10:19:05,FPL,CKS786,N716CK,,PANC,ZLXY,,,,,,"(FPL-CKS786-IN
-B744/H-SDE2E3FGHIJ4J7M3P2RWXYZ/LB1D1
-PANC0700
-N0493F360 NODLE R220 NANDY/N0494F380 R220 NATES/N0496F400 R220 
NIKLL/M085F400 R220 NIPPI/N0498F400 R220 NANNO R220 NODAN R217 
GTC Y142 SAMON Y14 SUGNO Y16 SAPRA G585 SEL G597 ANSIM Y697 
AGAVO/K0930S0920 A591 IKEKA W4 HCH W200 DOVIV W55 PAMRU W34 VYK 
B215 GODON W43 GUTRU W47 LOVRA
-ZLXY0943 ZHHH
-PBN/A1L1B1C1D1O1S2 NAV/Z1 RNP2 DAT/1FANS CPDLCX SUR/260B RSP180
 CANMANDATE 
DOF/250708 REG/N716CK EET/RJJJ0340 RKRR0701 ZSHA0744 ZBPE0813
 ZLHW0911 
SEL/GKDF CODE/A99293 PER/D RMK/TCAS II EQUIPPED OVRFLT PERMITS SOUTH
 
KOREA ATFMC 4091 CHINA CAD 2025S3007 LND PERMIT CHINA CAD 2025S3007)"
2025-07-08_CKS786_PANC_ZLXY,2025-07-08 10:19:05,FPL,CKS786,N716CK,,PANC,ZLXY,,,,,,"(FPL-CKS786-IN
-B744/H-SDE2E3FGHIJ4J7M3P2RWXYZ/LB1D1
-PANC0700
-N0493F360 NODLE R220 NANDY/N0494F380 R220 NATES/N0496F400 R220 
NIKLL/M085F400 R220 NIPPI/N0498F400 R220 NANNO R220 NODAN R217 
GTC Y142 SAMON Y14 SUGNO Y16 SAPRA G585 SEL G597 ANSIM Y697 
AGAVO/K0930S0920 A591 IKEKA W4 HCH W200 DOVIV W55 PAMRU W34 VYK 
B215 GODON W43 GUTRU W47 LOVRA
-ZLXY0943 ZHHH
-PBN/A1L1B1C1D1O1S2 NAV/Z1 RNP2 DAT/1FANS CPDLCX SUR/260B RSP180
 CANMANDATE 
DOF/250708 REG/N716CK EET/RJJJ0340 RKRR0701 ZSHA0744 ZBPE0813
 ZLHW0911 
SEL/GKDF CODE/A99293 PER/D RMK/TCAS II EQUIPPED OVRFLT PERMITS SOUTH
 
KOREA ATFMC 4091 CHINA CAD 2025S3007 LND PERMIT CHINA CAD 2025S3007)"
2025-07-08_CES2109_ZLXY_ZBAD,2025-07-08 10:27:14,CHG,CES2109,,,ZLXY,ZBAD,ZBAD,ZBAA,,,,"(CHG-CES2109-ZLXY0500-ZBAD-DOF/250708
-16/ZBAD0120 ZBAA ZBSJ)"
2025-07-08_CFI057_ZLXY_ZLXY,2025-07-08 10:40:03,DLA,CFI057,,,ZLXY,ZLXY,,,0240,,,(DLA-CFI057-ZLXY0240-ZLXY-0)
2025-07-08_CSC8226_ZLXY_ZPPP,2025-07-08 11:01:10,FPL,CSC8226,B30E0,,ZLXY,ZPPP,,,,,,"(FPL-CSC8226-IS
-A20N/M-SDE1E2E3FGHIM3RWY/EB1
-ZLXY0955
-K0780S1040 NSH W30 IDSID/K0806S0600 W30 MEBNA
-ZPPP0140 ZUUU ZUTF
-PBN/A1B1C1D1L1O1S2T1 DOF/250708 REG/B30E0 EET/ZPKM0026 SEL/BRCS
 CODE/7818DE 
OPR/SICHUAN AIRLINES RMK/ACAS II CAT II)"
2025-07-08_CES2203_ZLXY_ZWSH,2025-07-08 11:02:35,CHG,CES2203,,,ZLXY,ZWSH,ZWSH,ZWKC,,,,"(CHG-CES2203-ZLXY0545-ZWSH-DOF/250708
-16/ZWSH0409 ZWKC)"
2025-07-08_CES2294_ZWSH_ZLXY,2025-07-08 11:12:49,FPL,CES2294,B5921,,ZWSH,ZLXY,,,,,,"(FPL-CES2294-IS
-A332/H-SDE1E2E3FGHIJ2J3J5M1P2RWYZ/LB1D1
-ZWSH0730
-K0872S1010 KHG W176 MAGIV W187 TUSLI W112 VIKUP W191 DNC W565 
BIGUX W214 HO
-ZLXY0341 ZHCC
-PBN/A1B1C1D1L1O1S2 NAV/RNP2 DAT/CPDLCX SUR/260B RSP180 CANMANDATE 
DOF/250708 REG/B5921 EET/ZLHW0135 SEL/BRCD CODE/7809B9 RMK/TCAS II 
CAT II APPROVED)"
2025-07-08_CGN8440_ZGBH_ZLXY,2025-07-08 11:27:07,DLA,CGN8440,,,ZGBH,ZLXY,,,0430,,,(DLA-CGN8440-ZGBH0430-ZLXY-DOF/250708)
2025-07-08_TBA9963_ZLXY_ZSNT,2025-07-08 11:31:31,FPL,TBA9963,B32FF,,ZLXY,ZSNT,,,,,,"(FPL-TBA9963-IS
-A19N/M-SDE1E2E3GHIM1RWY/LB2
-ZLXY0840
-K0780S0950 P17 H131 P62 H11 ML W118 REVKU H48 FYG B208 HFE R343
 OLRIS G345 UNTAN G330 PIKAS W109 NTG
-ZSNT0154 ZSLY ZSOF
-PBN/B1C1D1L1O2S2T1 NAV/ABAS REG/B32FF
 EET/ZHWH0030 ZSHA0105 SEL/AQKL  CODE/781FD5
 RMK/ACASII AND CATII )"
2025-07-08_TBA9963_ZLXY_ZSNT,2025-07-08 11:31:31,FPL,TBA9963,B32FF,,ZLXY,ZSNT,,,,,,"(FPL-TBA9963-IS
-A19N/M-SDE1E2E3GHIM1RWY/LB2
-ZLXY0840
-K0780S0950 P17 H131 P62 H11 ML W118 REVKU H48 FYG B208 HFE R343
 OLRIS G345 UNTAN G330 PIKAS W109 NTG
-ZSNT0154 ZSLY ZSOF
-PBN/B1C1D1L1O2S2T1 NAV/ABAS REG/B32FF
 EET/ZHWH0030 ZSHA0105 SEL/AQKL  CODE/781FD5
 RMK/ACASII AND CATII )"
2025-07-08_TBA9963_ZLXY_ZSNT,2025-07-08 11:31:42,FPL,TBA9963,B32FF,,ZLXY,ZSNT,,,,,,"(FPL-TBA9963-IS
-A19N/M-SDE1E2E3GHIM1RWY/LB2
-ZLXY0840
-K0780S0950 P17 H131 P62 H11 ML W118 REVKU H48 FYG B208 HFE R343 
OLRIS G345 UNTAN G330 PIKAS W109 NTG
-ZSNT0154 ZSLY ZSOF
-PBN/B1C1D1L1O2S2T1 NAV/ABAS REG/B32FF EET/ZHWH0030 ZSHA0105
 SEL/AQKL 
CODE/781FD5 RMK/ACASII AND CATII)"
2025-07-08_TBA9963_ZLXY_ZSNT,2025-07-08 11:31:42,FPL,TBA9963,B32FF,,ZLXY,ZSNT,,,,,,"(FPL-TBA9963-IS
-A19N/M-SDE1E2E3GHIM1RWY/LB2
-ZLXY0840
-K0780S0950 P17 H131 P62 H11 ML W118 REVKU H48 FYG B208 HFE R343 
OLRIS G345 UNTAN G330 PIKAS W109 NTG
-ZSNT0154 ZSLY ZSOF
-PBN/B1C1D1L1O2S2T1 NAV/ABAS REG/B32FF EET/ZHWH0030 ZSHA0105
 SEL/AQKL 
CODE/781FD5 RMK/ACASII AND CATII)"
2025-07-08_CCA8115_ZBHH_ZLXY,2025-07-08 11:34:31,FPL,CCA8115,B605U,,ZBHH,ZLXY,,,,,,"(FPL-CCA8115-IS
-AJ27/M-SDE1E2E3FGHIRWYZ/LB1
-ZBHH0705
-K0845S0920 IBARO W47 LOVRA
-ZLXY0122 ZLIC
-PBN/A1B1C1D1L1O1S2 NAV/ABAS RNP2 DOF/250708 REG/B605U EET/ZLHW0035 
SEL/HSJM CODE/781923 RMK/TCAS)"
2025-07-08_CES5009_ZLXY_UUEE,2025-07-08 11:38:58,FPL,CES5009,B5943,,ZLXY,UUEE,,,,,,"(FPL-CES5009-IS
-A332/H-SDE1E2E3FGHIJ2J3J5M1P2RWYZ/LB1D1
-ZLXY0650
-K0877S1040 TEBIB W541 ADNEN W94 QIY W213 APESU W197 IDOPA W195 
ALGOT/K0885S1010 W195 MORIT/K0885S1040 Y962 NIGOR/K0876F360 B330 
DILAT/K0861F340 B330 NOSPI L158 LAGOP/K0872F360 L158 ABESA P983 
GISMA M864 EKSER T612 KOKAD L158 DIMGI
-UUEE0733 UUDD ULLI
-PBN/A1B1C1D1L1O1S2 NAV/RNP2 DAT/CPDLCX SUR/260B RSP180 CANMANDATE 
DOF/250708 REG/B5943 EET/ZMUB0122 UNKL0250 UNNT0309 USTV0442
 USSV0456 
UWWW0616 UUWV0627 SEL/AFBG CODE/780C01 RMK/TCAS II CAT III APPROVED)"
2025-07-08_CQN2166_ZLXY_ZGSZ,2025-07-08 12:38:53,FPL,CQN2166,B30E3,,ZLXY,ZGSZ,,,,,,"(FPL-CQN2166-IS
-A21N/M-SADE2E3FGHIJ3J5LM1ORVWYZ/LB1
-ZLXY0825
-K0876S0980 NSH W30 TAMUS/K0868S0950 W180 IVSOL/K0867S1010 W180 
LIDMA W182 LAGEX G586 SJG B330 AVPAM/K0859S0890 B330 POU W7 SAREX
-ZGSZ0231 ZGHA
-PBN/A1B1C1D1L1O1S2 NAV/ABAS RNP2 DOF/250708 REG/B30E3 EET/ZPKM0033 
ZGZU0131 SEL/AQBE CODE/7818FA OPR/CQN PER/C RMK/ACASII)"
2025-07-08_HXA4379_ZLXY_ZHXF,2025-07-08 12:40:52,DLA,HXA4379,,,ZLXY,ZHXF,,,0855,,,(DLA-HXA4379-ZLXY0855-ZHXF-DOF/250708)
2025-07-08_HXA4872_ZBCZ_ZLXY,2025-07-08 12:40:57,DLA,HXA4872,,,ZBCZ,ZLXY,,,0655,,,(DLA-HXA4872-ZBCZ0655-ZLXY-DOF/250708)
2025-07-08_CES2116_ZBAD_ZLXY,2025-07-08 12:42:26,FPL,CES2116,B32N1,,ZBAD,ZLXY,,,,,,"(FPL-CES2116-IS
-A21N/M-SDE1E2E3FGHIM1RWY/LB1
-ZBAD0900
-K0856S0720 PEGSO B215 GODON W43 ATERI/K0814S0600 W43 GUTRU W47 
LOVRA
-ZLXY0125 ZHCC
-PBN/A1B1C1D1L1O1S2 SUR/260B DOF/250708 REG/B32N1 EET/ZLHW0047
 SEL/KMHQ 
CODE/7822C7 RMK/TCAS II CAT II APPROVED)"
2025-07-08_CES2116_ZBAD_ZLXY,2025-07-08 12:42:27,FPL,CES2116,B32N1,,ZBAD,ZLXY,,,,,,"(FPL-CES2116-IS
-A21N/M-SDE1E2E3FGHIM1RWY/LB1
-ZBAD0900
-K0856S0720 PEGSO B215 GODON W43 ATERI/K0814S0600 W43 GUTRU W47 
LOVRA
-ZLXY0125 ZHCC
-PBN/A1B1C1D1L1O1S2 SUR/260B DOF/250708 REG/B32N1 EET/ZLHW0047
 SEL/KMHQ 
CODE/7822C7 RMK/TCAS II CAT II APPROVED)"
2025-07-08_CDC8154_ZWSH_ZLXY,2025-07-08 12:48:27,FPL,CDC8154,B32AN,,ZWSH,ZLXY,,,,,,"(FPL-CDC8154-IS
-A21N/M-SDE1FGHIM3RWY/LB2
-ZWSH0910
-K0848S0950 KHG W176 MAGIV W187 TUSLI W112 VIKUP W191 DNC W565 BIGUX
 
W214 HO
-ZLXY0336 ZHLY
-PBN/A1B1C1D1L1O1S2 DOF/250708 REG/B32AN EET/ZLHW0140 SEL/HPAK
 CODE/781E0A 
OPR/ZHEJIANGLOONGAIR RALT/ZLDH ZWTL ZLIC ZLXY RMK/HUD I CAT II ACAS 
II AOC TEL 057182352500 OR 057181689590)"
2025-07-08_HXA4720_ZLYA_ZLXY,2025-07-08 12:50:48,DLA,HXA4720,,,ZLYA,ZLXY,,,0905,,,(DLA-HXA4720-ZLYA0905-ZLXY-DOF/250708)
2025-07-08_CDC8766_UTTT_ZLXY,2025-07-08 12:56:40,FPL,CDC8766,B303T,,UTTT,ZLXY,,,,,,"(FPL-CDC8766-IS
-A319/M-SDE1FGHIM3RWY/LB2
-UTTT0810
-N0450F330 TISIB L143 RUDEK B351 BALVU L147 KAMUD/K0826S0950 W186 
SADAN W187 TUSLI W112 VIKUP W191 DNC W565 BIGUX W214 HO
-ZLXY0415 ZLIC
-PBN/A1B1C1D1L1O1S2 DOF/250708 REG/B303T EET/UCFO0017 UCFM0030
 ZWUQ0104 
ZLHW0220 SEL/DRBH CODE/78156D OPR/ZHEJIANGLOONGAIR RMK/CAT II TCAS 
AOC TEL 057182352500 OR 057181689590)"
2025-07-08_CDC8766_UTTT_ZLXY,2025-07-08 12:56:41,FPL,CDC8766,B303T,,UTTT,ZLXY,,,,,,"(FPL-CDC8766-IS
-A319/M-SDE1FGHIM3RWY/LB2
-UTTT0810
-N0450F330 TISIB L143 RUDEK B351 BALVU L147 KAMUD/K0826S0950 W186 
SADAN W187 TUSLI W112 VIKUP W191 DNC W565 BIGUX W214 HO
-ZLXY0415 ZLIC
-PBN/A1B1C1D1L1O1S2 DOF/250708 REG/B303T EET/UCFO0017 UCFM0030
 ZWUQ0104 
ZLHW0220 SEL/DRBH CODE/78156D OPR/ZHEJIANGLOONGAIR RMK/CAT II TCAS 
AOC TEL 057182352500 OR 057181689590)"
2025-07-08_CBG8801_ZGNN_ZLXY,2025-07-08 13:06:25,FPL,CBG8801,B8388,,ZGNN,ZLXY,,,,,,"(FPL-CBG8801-IS
-A320/M-SDE1E2E3FGHIM3RWY/LB1
-ZGNN0835
-M078S0980 WUY R339 P477 H19 KWE/M078S0950 W3 DS W4 IGIRO 
H39 AKD H36 NSH
-ZLXY0210 ZLQY
-PBN/B1C1D1O2S2 NAV/ABAS DOF/250708 REG/B8388 EET/ZPKM0041 ZLHW0135 
SEL/BHAM CODE/7811EA OPR/GX AIRLINES RMK/ACAS II)"
2025-07-08_CES2299_ZLXY_ZWWW,2025-07-08 14:02:14,FPL,CES2299,B32LT,,ZLXY,ZWWW,,,,,,"(FPL-CES2299-IS
-A21N/M-SDE1E2E3FGHIM1RWY/LB1
-ZLXY1020
-K0872S0980 TEBIB W541 ADNEN W94 QIY W213 APESU W197 ANDIM B215 
P434/K0864S1040 B215 IGDON/K0859S0920 B215 IBANO G470 
BIKNO/K0846S1040 G470 QTV W99 FKG B215 WUR
-ZWWW0259 ZWTL
-PBN/A1B1C1D1L1O1S2 SUR/260B DOF/250708 REG/B32LT EET/ZWUQ0200
 SEL/FMBL 
CODE/782242 RMK/TCAS II CAT II APPROVED)"
2025-07-08_HXA4720_ZLYA_ZLXY,2025-07-08 14:07:31,DLA,HXA4720,,,ZLYA,ZLXY,,,0935,,,(DLA-HXA4720-ZLYA0935-ZLXY-DOF/250708)
2025-07-08_CGN8301_ZLXY_ZGSZ,2025-07-08 14:12:42,DLA,CGN8301,,,ZLXY,ZGSZ,,,0800,,,(DLA-CGN8301-ZLXY0800-ZGSZ-DOF/250708)
2025-07-08_CHH7897_ZWWW_ZLXY,2025-07-08 14:23:56,FPL,CHH7897,B32LY,,ZWWW,ZLXY,,,,,,"(FPL-CHH7897-IS
-A21N/M-SDE1E2E3FGHIM1RWYZ/LB1
-ZWWW0950
-M078S1070 WUR X54 ESDEX W191 DNC W565 BIGUX W214 HO
-ZLXY0251 ZLIC ZHNY
-PBN/A1B1C1D1L1O1S2 NAV/ABAS DOF/250708 REG/B32LY EET/ZLHW0052
 SEL/2759 
CODE/78224D OPR/HAINAN AIRLINES RMK/ACAS II)"
2025-07-08_CHH7897_ZWWW_ZLXY,2025-07-08 14:23:57,FPL,CHH7897,B32LY,,ZWWW,ZLXY,,,,,,"(FPL-CHH7897-IS
-A21N/M-SDE1E2E3FGHIM1RWYZ/LB1
-ZWWW0950
-M078S1070 WUR X54 ESDEX W191 DNC W565 BIGUX W214 HO
-ZLXY0251 ZLIC ZHNY
-PBN/A1B1C1D1L1O1S2 NAV/ABAS DOF/250708 REG/B32LY EET/ZLHW0052
 SEL/2759 
CODE/78224D OPR/HAINAN AIRLINES RMK/ACAS II)"
2025-07-08_CCA8116_ZLXY_ZBHH,2025-07-08 14:28:43,FPL,CCA8116,B605U,,ZLXY,ZBHH,,,,,,"(FPL-CCA8116-IS
-AJ27/M-SDE1E2E3FGHIRWYZ/LB1
-ZLXY1030
-K0854S0890 WJC W193 ALGOV W101 VALNI
-ZBHH0115 ZBSJ
-PBN/A1B1C1D1L1O1S2 NAV/ABAS RNP2 DOF/250708 REG/B605U EET/ZBPE0037 
SEL/HSJM CODE/781923 RMK/TCAS)"
2025-07-08_CCA8507_ZSHC_ZLXY,2025-07-08 14:30:50,DLA,CCA8507,,,ZSHC,ZLXY,,,0930,,,(DLA-CCA8507-ZSHC0930-ZLXY-DOF/250708)
2025-07-08_CHH7504_ZSNJ_ZLXY,2025-07-08 14:36:33,DLA,CHH7504,,,ZSNJ,ZLXY,,,0835,,,(DLA-CHH7504-ZSNJ0835-ZLXY-DOF/250708)
2025-07-08_CSZ9264_ZHXF_ZLXY,2025-07-08 14:41:31,FPL,CSZ9264,B300N,,ZHXF,ZLXY,,,,,,"(FPL-CSZ9264-IS
-A20N/M-SDE2E3FGHIRWYZ/LB1
-ZHXF0720
-M078S0780 OVLAR W45 ML H11 SHX
-ZLXY0051 ZHXF
-PBN/A1B1C1D1L1O1S2 NAV/ABAS DOF/250708 REG/B300N EET/ZLHW0026
 SEL/HRAS 
CODE/781432 PER/C RMK/TCAS AOC PHONE 008675527777352)"
2025-07-08_CHH7841_ZLXY_ZSPD,2025-07-08 14:52:34,DLA,CHH7841,,,ZLXY,ZSPD,,,0820,,,(DLA-CHH7841-ZLXY0820-ZSPD-DOF/250708)
2025-07-08_CES2116_ZBAD_ZLXY,2025-07-08 14:55:34,CHG,CES2116,,,ZBAD,ZLXY,ZLXY,ZUCK,,,,"(CHG-CES2116-ZBAD0900-ZLXY-DOF/250708
-16/ZLXY0138 ZUCK)"
2025-07-08_CCA8113_ZBHH_ZLXY,2025-07-08 15:12:55,FPL,CCA8113,B650Z,,ZBHH,ZLXY,,,,,,"(FPL-CCA8113-IS
-AJ27/M-SDE1E2E3FGHIRWYZ/LB1
-ZBHH1120
-K0847S0920 IBARO W47 LOVRA
-ZLXY0122 ZLIC
-PBN/A1B1C1D1L1O1S2 NAV/ABAS RNP2 DOF/250708 REG/B650Z EET/ZLHW0036 
SEL/MPEJ CODE/781BB4 RMK/TCAS)"
2025-07-08_CKS785D_ZLXY_RKSI,2025-07-08 15:20:03,DLA,CKS785D,,,ZLXY,RKSI,,,0720,,,(DLA-CKS785D-ZLXY0720-RKSI-DOF/250708)
2025-07-08_CSN5117_ZLXY_ZGSD,2025-07-08 15:34:59,DLA,CSN5117,,,ZLXY,ZGSD,,,0900,,,(DLA-CSN5117-ZLXY0900-ZGSD-DOF/250708)
2025-07-08_TBA9964_ZSNT_ZLXY,2025-07-08 15:36:54,FPL,TBA9964,B32FF,,ZSNT,ZLXY,,,,,,"(FPL-TBA9964-IS
-A19N/M-SDE1E2E3GHIM1RWY/LB2
-ZSNT1250
-K0780S0980 NTG W109 PIKAS G330 UNTAN G345 PIMUS V11 DOGVI W545
 VEMEX W163 HFE B208 ZHO H14 SHX
-ZLXY0148 ZLIC ZBYC
-PBN/B1C1D1L1O2S2T1 NAV/ABAS REG/B32FF
 EET/ZHWH0055 ZLHW0125 SEL/AQKL  CODE/781FD5
 RMK/ACASII AND CATII )"
2025-07-08_TBA9964_ZSNT_ZLXY,2025-07-08 15:36:55,FPL,TBA9964,B32FF,,ZSNT,ZLXY,,,,,,"(FPL-TBA9964-IS
-A19N/M-SDE1E2E3GHIM1RWY/LB2
-ZSNT1250
-K0780S0980 NTG W109 PIKAS G330 UNTAN G345 PIMUS V11 DOGVI W545
 VEMEX W163 HFE B208 ZHO H14 SHX
-ZLXY0148 ZLIC ZBYC
-PBN/B1C1D1L1O2S2T1 NAV/ABAS REG/B32FF
 EET/ZHWH0055 ZLHW0125 SEL/AQKL  CODE/781FD5
 RMK/ACASII AND CATII )"
2025-07-08_TBA9964_ZSNT_ZLXY,2025-07-08 15:37:03,FPL,TBA9964,B32FF,,ZSNT,ZLXY,,,,,,"(FPL-TBA9964-IS
-A19N/M-SDE1E2E3GHIM1RWY/LB2
-ZSNT1250
-K0780S0980 NTG W109 PIKAS G330 UNTAN G345 PIMUS V11 DOGVI W545 
VEMEX W163 HFE B208 ZHO H14 SHX
-ZLXY0148 ZLIC ZBYC
-PBN/B1C1D1L1O2S2T1 NAV/ABAS REG/B32FF EET/ZHWH0055 ZLHW0125
 SEL/AQKL 
CODE/781FD5 RMK/ACASII AND CATII)"
2025-07-08_TBA9964_ZSNT_ZLXY,2025-07-08 15:37:04,FPL,TBA9964,B32FF,,ZSNT,ZLXY,,,,,,"(FPL-TBA9964-IS
-A19N/M-SDE1E2E3GHIM1RWY/LB2
-ZSNT1250
-K0780S0980 NTG W109 PIKAS G330 UNTAN G345 PIMUS V11 DOGVI W545 
VEMEX W163 HFE B208 ZHO H14 SHX
-ZLXY0148 ZLIC ZBYC
-PBN/B1C1D1L1O2S2T1 NAV/ABAS REG/B32FF EET/ZHWH0055 ZLHW0125
 SEL/AQKL 
CODE/781FD5 RMK/ACASII AND CATII)"
2025-07-08_CSS7501_ZLXY_ZHEC,2025-07-08 15:40:07,FPL,CSS7501,B222D,,ZLXY,ZHEC,,,,,,"(FPL-CSS7501-IS
-B763/H-SDE1E3FGHIRWYZ/LB1
-ZLXY1615
-K0830S0890 P17 H131 P62 H11 ML W45 OVLAR H76 HOK
-ZHEC0123 ZGHA
-PBN/A1B2C2D1L1O2S2 NAV/RNP2 DOF/250708 REG/B222D EET/ZHWH0023
 SEL/BREH 
CODE/781DF9 ORGN/ZGSZCSSX PER/D RMK/TCASII EQUIPPED CARGO FLIGHT)"
2025-07-08_CSS7501_ZLXY_ZHEC,2025-07-08 15:40:17,FPL,CSS7501,B222D,,ZLXY,ZHEC,,,,,,"(FPL-CSS7501-IS
-B763/H-SDE1E3FGHIRWYZ/LB1
-ZLXY1615
-K0830S0890 P17 H131 P62 H11 ML W45 OVLAR H76 HOK
-ZHEC0123 ZGHA
-PBN/A1B2C2D1L1O2S2 NAV/RNP2 DOF/250708 REG/B222D EET/ZHWH0023
 SEL/BREH CODE/781DF9 
ORGN/ZGSZCSSX PER/D RMK/TCASII EQUIPPED CARGO FLIGHT)"
2025-07-08_TGW134_WSSS_ZLXY,2025-07-08 15:48:26,FPL,TGW134,9VTNF,,WSSS,ZLXY,,,,,,"(FPL-TGW134-IS
-A20N/M-SDE2FGHIJ3J7RWYZ/LB1D1
-WSSS1105
-M078F360 VMR B469 VPK M751 GOLUD/N0458F360 M751 BKK/N0458F370 R474 
VTN/N0462F350 B218 SAGAG/K0855S1100 A581 BIDRU/K0857S1070 A581 SGM 
W144 VEDPO/K0854S1100 W144 IGNAK/K0853S1070 W179 WFX/K0816S0810 
W81 NSH
-ZLXY0510 ZUCK
-PBN/A1B2C2D2L1O2S2 NAV/RNP2 DOF/250708 REG/9VTNF EET/WIIF0002
 WSJC0005 
WMFC0007 VTBB0049 VLVT0227 ZPKM0255 ZLHW0438 SEL/JPCH CODE/76D1C6 
OPR/TGW 65 66922614 PER/C RMK/CALLSIGN SCOOTER TCAS)"
2025-07-08_CGN8361_ZLXY_ZJSY,2025-07-08 15:56:47,DLA,CGN8361,,,ZLXY,ZJSY,,,1030,,,(DLA-CGN8361-ZLXY1030-ZJSY-DOF/250708)
2025-07-08_XAX346_WMKK_ZLXY,2025-07-08 16:09:24,FPL,XAX346,9MXBF,,WMKK,ZLXY,,,,,,"(FPL-XAX346-IS
-A333/H-SDFGHIJ3J5M1P2RWYZ/LB1D1
-WMKK1120
-N0478F360 BIKDU3C BIKDU Y501 RIGTO M769 BKK Y27 IBUBU/N0478F370 
W25 NAN R215 LPB B218 SAGAG/K0883S1160 A581 BIDRU/K0878S1190 A581 
SGM W144 VEDPO/K0871S1220 W144 IGNAK/K0878S1190 W179 WFX W81 NSH
-ZLXY0457 ZUTF ZUCK
-PBN/A1B1C1D1L1O1S1S2 NAV/RNP2 DAT/SV SUR/RSP180 DOF/250708
 REG/9MXBF 
EET/VTBB0048 VLVT0229 ZPKM0249 ZLHW0427 SEL/GMCS CODE/750479
 OPR/AIRASIAX 
RALT/ZUTF RMK/TCAS II EQUIPPED CALLSIGN XANADU)"
2025-07-08_CSN8529_ZHHH_ZLXY,2025-07-08 16:12:23,FPL,CSN8529,B656A,,ZHHH,ZLXY,,,,,,"(FPL-CSN8529-IS
-AJ27/M-SDE3FGHILORVWY/LB1
-ZHHH1150
-K0728S0690 BENBI W56 P129/K0752S0660 H14 SHX
-ZLXY0128 ZLIC
-PBN/A1B1C1D1L1O1S2 NAV/ABAS DOF/250708 REG/B656A EET/ZLHW0101
 SEL/CRAE 
CODE/7820A9 PER/D RMK/ACASII)"
2025-07-08_CES2767_ZSNJ_ZLXY,2025-07-08 16:22:19,FPL,CES2767,B32J9,,ZSNJ,ZLXY,,,,,,"(FPL-CES2767-IS
-A20N/M-SDE1E2E3FGHIM1RWY/LB1
-ZSNJ1240
-K0844S0780 SUNBO W163 HFE B208 ZHO H14 SHX
-ZLXY0129 ZLYL
-PBN/A1B1C1D1L1O1S2 SUR/260B DOF/250708 REG/B32J9 EET/ZHWH0029
 ZLHW0106 
SEL/DMAS CODE/782198 RMK/TCAS II CAT II APPROVED)"
2025-07-08_JJA8175_RKPC_ZLXY,2025-07-08 16:26:40,FPL,JJA8175,HL8234,,RKPC,ZLXY,,,,,,"(FPL-JJA8175-IS
-B738/M-SDE2E3FGHIRWY/LB1
-RKPC1300
-N0467F340 DCT LIMDI Y677 TOLIS Y655 NONOS Z55 
AGAVO/K0863S1040 A591 IKEKA W4 HCH W200 DOVIV W55 PAMRU W34 VYK 
B215 GODON W43 GUTRU W47 LOVRA
-ZLXY0309 ZBSJ
-PBN/A1B1C1D1L1O1S2 SUR/260B DOF/250708 REG/HL8234 EET/ZSHA0053
 ZBPE0124 
ZLHW0228 SEL/DEAP CODE/71C234 RMK/TCAS II EQUIPPED)"
2025-07-08_CQN2166_ZLXY_ZGSZ,2025-07-08 16:39:13,DLA,CQN2166,,,ZLXY,ZGSZ,,,0940,,,(DLA-CQN2166-ZLXY0940-ZGSZ-DOF/250708)
2025-07-08_CES2169_ZLXY_ZSSS,2025-07-08 16:43:25,FPL,CES2169,B5921,,ZLXY,ZSSS,,,,,,"(FPL-CES2169-IS
-A332/H-SDE1E2E3FGHIJ2J3J5M1P2RWYZ/LB1D1
-ZLXY1300
-K0833S0890 P17 H131 P62 H11 ML W118 REVKU H48 FYG B208 HFE R343
 SASAN
-ZSSS0147 ZSOF
-PBN/A1B1C1D1L1O1S2 NAV/RNP2 DAT/CPDLCX SUR/260B RSP180 CANMANDATE 
DOF/250708 REG/B5921 EET/ZHWH0019 ZSHA0055 SEL/BRCD CODE/7809B9
 RMK/TCAS 
II CAT III APPROVED)"
2025-07-08_GCR7418_ZLXY_ZSYT,2025-07-08 16:55:31,DLA,GCR7418,,,ZLXY,ZSYT,,,1140,,,(DLA-GCR7418-ZLXY1140-ZSYT-DOF/250708)
2025-07-08_HXA4379_ZLXY_ZHXF,2025-07-08 16:59:18,DLA,HXA4379,,,ZLXY,ZHXF,,,0930,,,(DLA-HXA4379-ZLXY0930-ZHXF-DOF/250708)
2025-07-08_CES2119_ZLXY_ZBAD,2025-07-08 17:12:45,FPL,CES2119,B32N1,,ZLXY,ZBAD,,,,,,"(FPL-CES2119-IS
-A21N/M-SDE1E2E3FGHIM1RWY/LB1
-ZLXY1330
-K0889S0810 WJC G212 TONOV/K0788S0690 G212 BELAX
-ZBAD0120 ZBAA ZBSJ
-PBN/A1B1C1D1L1O1S2 SUR/260B DOF/250708 REG/B32N1 EET/ZBPE0025
 SEL/KMHQ 
CODE/7822C7 RMK/TCAS II CAT II APPROVED)"
2025-07-08_CES2119_ZLXY_ZBAD,2025-07-08 17:12:45,FPL,CES2119,B32N1,,ZLXY,ZBAD,,,,,,"(FPL-CES2119-IS
-A21N/M-SDE1E2E3FGHIM1RWY/LB1
-ZLXY1330
-K0889S0810 WJC G212 TONOV/K0788S0690 G212 BELAX
-ZBAD0120 ZBAA ZBSJ
-PBN/A1B1C1D1L1O1S2 SUR/260B DOF/250708 REG/B32N1 EET/ZBPE0025
 SEL/KMHQ 
CODE/7822C7 RMK/TCAS II CAT II APPROVED)"
2025-07-08_OKA2930_ZSCN_ZLXY,2025-07-08 17:53:13,DLA,OKA2930,,,ZSCN,ZLXY,,,1410,,,(DLA-OKA2930-ZSCN1410-ZLXY-DOF/250708)
KEY_GENERATION_FAILED,2025-07-08 18:00:18,CPL,IS,B1106,,ZLXY,,,,,,,"(CPL-KNA8324/A7312-IS
 -B737/M-SADE2E3FGHIM1RWY/LB1
 -ZLXY-TOSEM/0940S0630
 -M078S0750 TOSEM W632 GULOT
 -ZPPP 
 -PBN/A1B1C1D1O1S2L1 DOF/250708 REG/B1106 EET/ZPKM0036 SEL/KSAG
 CODE/7813D6 
PER/C RALT/ZUTF ZPPP RMK/TCAS ALTERNATE DUE ZPMS WX)"
2025-07-08_CHH7590_ZSFZ_ZLXY,2025-07-08 18:15:26,DLA,CHH7590,,,ZSFZ,ZLXY,,,1235,,,(DLA-CHH7590-ZSFZ1235-ZLXY-DOF/250708)
2025-07-08_CHH7897_ZLXY_ZJSY,2025-07-08 18:32:48,FPL,CHH7897,B32LY,,ZLXY,ZJSY,,,,,,"(FPL-CHH7897-IS
-A21N/M-SDE1E2E3FGHIM1RWYZ/LB1
-ZLXY1430
-M078S0980 NSH W30 TAMUS W180 LIDMA/M078S1070 W180 ELBAV 
W181 P478 H68 P479 R339 BHY W70 NYB/M078S0980 G221 WL
-ZJSY0247 ZJHK ZJQH
-PBN/A1B1C1D1L1O1S2 NAV/ABAS DOF/250708 REG/B32LY EET/ZPKM0033
 ZGZU0127 
ZJSA0216 SEL/2759 CODE/78224D OPR/HAINAN AIRLINES RMK/ACAS II)"
2025-07-08_CHH7897_ZLXY_ZJSY,2025-07-08 18:32:48,FPL,CHH7897,B32LY,,ZLXY,ZJSY,,,,,,"(FPL-CHH7897-IS
-A21N/M-SDE1E2E3FGHIM1RWYZ/LB1
-ZLXY1430
-M078S0980 NSH W30 TAMUS W180 LIDMA/M078S1070 W180 ELBAV 
W181 P478 H68 P479 R339 BHY W70 NYB/M078S0980 G221 WL
-ZJSY0247 ZJHK ZJQH
-PBN/A1B1C1D1L1O1S2 NAV/ABAS DOF/250708 REG/B32LY EET/ZPKM0033
 ZGZU0127 
ZJSA0216 SEL/2759 CODE/78224D OPR/HAINAN AIRLINES RMK/ACAS II)"
2025-07-08_CES2119_ZLXY_ZBAD,2025-07-08 18:40:57,CHG,CES2119,,,ZLXY,ZBAD,ZBAD,ZBAA,,,,"(CHG-CES2119-ZLXY1330-ZBAD-DOF/250708
-16/ZBAD0122 ZBAA ZBTJ)"
2025-07-08_CSC3270_ZSPD_ZLXY,2025-07-08 18:45:46,FPL,CSC3270,B30CH,,ZSPD,ZLXY,,,,,,"(FPL-CSC3270-IS
-A20N/M-SDE1E2E3FGHIM3RWY/EB1
-ZSPD1410
-K0780S0980 PIKAS/K0839S0920 G330 PIMOL V14 NOBEM W73 
VEMEX W163 HFE B208 ZHO H14 P256/K0826S0840 H14 P357/K0763S0660 H14 
SHX
-ZLXY0200 ZBSJ ZUTF
-PBN/A1B1C1D1L1O1S2T1 DOF/250708 REG/B30CH EET/ZHWH0101 ZLHW0139
 SEL/HLDM 
CODE/781833 OPR/SICHUAN AIRLINES RMK/ACAS II)"
2025-07-08_CDG4811_ZLXY_ZUGY,2025-07-08 19:42:36,DLA,CDG4811,,,ZLXY,ZUGY,,,1435,,,(DLA-CDG4811-ZLXY1435-ZUGY-DOF/250708)
2025-07-08_LKE9885_ZPPP_ZLXY,2025-07-08 19:47:30,DLA,LKE9885,,,ZPPP,ZLXY,,,1400,,,(DLA-LKE9885-ZPPP1400-ZLXY-DOF/250708)
2025-07-08_CCA8114_ZLXY_ZBHH,2025-07-08 19:47:36,FPL,CCA8114,B650Z,,ZLXY,ZBHH,,,,,,"(FPL-CCA8114-IS
-AJ27/M-SDE1E2E3FGHIRWYZ/LB1
-ZLXY1430
-K0853S0890 WJC W193 ALGOV W101 VALNI
-ZBHH0115 ZBYN ZBAD
-PBN/A1B1C1D1L1O1S2 NAV/ABAS RNP2 DOF/250708 REG/B650Z EET/ZBPE0037 
SEL/MPEJ CODE/781BB4 RMK/TCAS)"
2025-07-08_CHH7590_ZSFZ_ZLXY,2025-07-08 19:49:49,DLA,CHH7590,,,ZSFZ,ZLXY,,,1330,,,(DLA-CHH7590-ZSFZ1330-ZLXY-DOF/250708)
2025-07-08_CSN8530_ZLXY_ZHHH,2025-07-08 19:52:19,FPL,CSN8530,B656A,,ZLXY,ZHHH,,,,,,"(FPL-CSN8530-IS
-AJ27/M-SDE3FGHILORVWY/LB1
-ZLXY1445
-K0805S0660 P241 H132 P234/K0740S0690 H36 SNF W269 OLPOV B213 WTM
-ZHHH0127 ZSCN
-PBN/A1B1C1D1L1O1S2 NAV/ABAS DOF/250708 REG/B656A EET/ZHWH0037
 SEL/CRAE 
CODE/7820A9 PER/D RMK/ACASII)"
2025-07-08_CES2300_ZWWW_ZLXY,2025-07-08 19:52:39,FPL,CES2300,B32LT,,ZWWW,ZLXY,,,,,,"(FPL-CES2300-IS
-A21N/M-SDE1E2E3FGHIM1RWY/LB1
-ZWWW1455
-K0866S1010 WUR X54 ESDEX/K0861S1070 W191 DNC W565 BIGUX W214 HO
-ZLXY0239 ZHCC
-PBN/A1B1C1D1L1O1S2 SUR/260B DOF/250708 REG/B32LT EET/ZLHW0044
 SEL/FMBL 
CODE/782242 RMK/TCAS II CAT II APPROVED)"
KEY_GENERATION_FAILED,2025-07-08 19:56:32,CPL,IS,B1328,,ZLIC,,,,,,,"(CPL-HBH8015/A1177-IS
-B738/M-SDE2E3FGHIM1RWY/EB1
-ZLIC-GUY/1154S0360
-K0780S0420 GUY J84 MULIV W216 YHD
-ZLIC
-PBN/A1B1C1D1L1O1S2 DOF/250708 REG/B1328 SEL/JSKM CODE/7802DD
OPR/HEBEI AIRLINES RMK/RETURN ZLIC DUE TO ZLGY WX)"
2025-07-08_HXA2770_ZSJU_ZLXY,2025-07-08 20:11:43,DLA,HXA2770,,,ZSJU,ZLXY,,,1410,,,(DLA-HXA2770-ZSJU1410-ZLXY-DOF/250708)
2025-07-08_CSN8530_ZLXY_ZHHH,2025-07-08 20:18:45,DLA,CSN8530,,,ZLXY,ZHHH,,,1550,,,(DLA-CSN8530-ZLXY1550-ZHHH-DOF/250708)
2025-07-08_CSN8529_ZHHH_ZLXY,2025-07-08 20:20:34,DLA,CSN8529,,,ZHHH,ZLXY,,,1310,,,(DLA-CSN8529-ZHHH1310-ZLXY-DOF/250708)
2025-07-08_CBJ5284_ZGHZ_ZLXY,2025-07-08 20:37:04,DLA,CBJ5284,,,ZGHZ,ZLXY,,,1500,,,(DLA-CBJ5284-ZGHZ1500-ZLXY-DOF/250708)
2025-07-08_CSC3275_ZLXY_ZSYT,2025-07-08 20:41:11,FPL,CSC3275,B30CH,,ZLXY,ZSYT,,,,,,"(FPL-CSC3275-IS
-A20N/M-SDE1E2E3FGHIM3RWY/EB1
-ZLXY2235
-K0780S0950 SHX W4 MUMUN W103 YQG/K0765S0630 W103 WFG/K0657S0510 H30
 
HCH
-ZSYT0150 ZSQD ZSXZ
-PBN/A1B1C1D1L1O1S2T1 DOF/250708 REG/B30CH EET/ZHWH0020 ZSHA0101
 SEL/HLDM 
CODE/781833 OPR/SICHUAN AIRLINES RMK/ACAS II)"
2025-07-08_TBA6080_ZLXN_ZLXY,2025-07-08 20:41:35,DLA,TBA6080,,,ZLXN,ZLXY,,,1350,,,(DLA-TBA6080-ZLXN1350-ZLXY-0)
2025-07-08_CDC8154_ZLXY_ZSHC,2025-07-08 20:48:42,FPL,CDC8154,B32AN,,ZLXY,ZSHC,,,,,,"(FPL-CDC8154-IS
-A21N/M-SDE1FGHIM3RWY/LB2
-ZLXY1530
-K0817S0890 P241 H132 P234 H36 SNF W269 OLPOV B213 WHA R343 SAGUD 
W50 XSH H17 JDZ H26 TXN G204 OREXA
-ZSHC0212 ZSNB ZSNJ
-PBN/A1B1C1D1L1O1S2 DOF/250708 REG/B32AN EET/ZHWH0031 ZSHA0118
 SEL/HPAK 
CODE/781E0A OPR/ZHEJIANGLOONGAIR RMK/HUD I CAT II ACAS II AOC TEL 
057182352500 OR 057181689590)"
2025-07-08_CBJ5206_ZPLJ_ZLXY,2025-07-08 21:05:06,DLA,CBJ5206,,,ZPLJ,ZLXY,,,1440,,,(DLA-CBJ5206-ZPLJ1440-ZLXY-DOF/250708)
2025-07-08_CBJ5084_ZUAS_ZLXY,2025-07-08 21:13:57,DLA,CBJ5084,,,ZUAS,ZLXY,,,1450,,,(DLA-CBJ5084-ZUAS1450-ZLXY-DOF/250708)
2025-07-08_CSZ9208_ZLXY_ZGSZ,2025-07-08 21:18:52,DLA,CSZ9208,,,ZLXY,ZGSZ,,,1640,,,(DLA-CSZ9208-ZLXY1640-ZGSZ-DOF/250708)
2025-07-08_CBJ5952_ZLXN_ZLXY,2025-07-08 21:24:53,DLA,CBJ5952,,,ZLXN,ZLXY,,,1520,,,(DLA-CBJ5952-ZLXN1520-ZLXY-DOF/250708)
2025-07-08_CBJ5106_ZSTX_ZLXY,2025-07-08 21:38:26,DLA,CBJ5106,,,ZSTX,ZLXY,,,1530,,,(DLA-CBJ5106-ZSTX1530-ZLXY-DOF/250708)
2025-07-08_CCA8504_ZLXY_ZSHC,2025-07-08 21:40:36,DLA,CCA8504,,,ZLXY,ZSHC,,,1500,,,(DLA-CCA8504-ZLXY1500-ZSHC-DOF/250708)
2025-07-08_GCR7654_ZPPP_ZLXY,2025-07-08 21:48:56,DLA,GCR7654,,,ZPPP,ZLXY,,,1510,,,(DLA-GCR7654-ZPPP1510-ZLXY-DOF/250708)
2025-07-08_GCR7640_ZPLJ_ZLXY,2025-07-08 21:53:04,DLA,GCR7640,,,ZPLJ,ZLXY,,,1630,,,(DLA-GCR7640-ZPLJ1630-ZLXY-DOF/250708)
2025-07-08_CGN8374_ZUTR_ZLXY,2025-07-08 21:54:08,DLA,CGN8374,,,ZUTR,ZLXY,,,1500,,,(DLA-CGN8374-ZUTR1500-ZLXY-DOF/250708)
2025-07-08_CGN8392_ZUGY_ZLXY,2025-07-08 22:01:23,DLA,CGN8392,,,ZUGY,ZLXY,,,1510,,,(DLA-CGN8392-ZUGY1510-ZLXY-DOF/250708)
2025-07-08_CES5010_UUEE_ZLXY,2025-07-08 22:04:02,FPL,CES5010,B5943,,UUEE,ZLXY,,,,,,"(FPL-CES5010-IS
-A332/H-SDE1E2E3FGHIJ2J3J5M1P2RWYZ/LB1D1
-UUEE1740
-K0868F330 OLMUN T629 INLEN/K0861F350 T629 IPSIL T830 LAMGU N604 
OGSIN P983 ABESA L158 NOSPI B330 NIGOR/K0864S1070 Y962 
MORIT/K0877S1040 B330 NOLOM/K0883S1070 B330 BUVTA/K0877S1040 B330 
DAMRO/K0866S1010 B330 ELRUB/K0872S1040 B330 P401/K0824S0890 B330 
BIGUX W214 HO
-ZLXY0719 ZHCC
-PBN/A1B1C1D1L1O1S2 NAV/RNP2 DAT/CPDLCX SUR/260B RSP180 CANMANDATE 
DOF/250708 REG/B5943 EET/USSV0050 USTV0200 UNNT0227 UNKL0359
 ZMUB0419 
ZLHW0546 SEL/AFBG CODE/780C01 RIF/SADUM Y962 MORIT B330 ELRUB W199 
OPULI DCT ZLIC RMK/TCAS II CAT II APPROVED)"
2025-07-08_CSC3406_ZLXY_ZUXC,2025-07-08 23:05:04,DLA,CSC3406,,,ZLXY,ZUXC,,,1505,,,(DLA-CSC3406-ZLXY1505-ZUXC-DOF/250708)
2025-07-08_GCR6425_ZBLL_ZLXY,2025-07-08 23:06:56,DLA,GCR6425,,,ZBLL,ZLXY,,,1545,,,(DLA-GCR6425-ZBLL1545-ZLXY-DOF/250708)
2025-07-08_IGT1180_UGTB_ZLXY,2025-07-08 23:07:28,DLA,IGT1180,,,UGTB,ZLXY,,,1530,,,(DLA-IGT1180-UGTB1530-ZLXY-DOF/250708)
2025-07-08_CSC3406_ZLXY_ZUXC,2025-07-08 23:19:53,DLA,CSC3406,,,ZLXY,ZUXC,,,1630,,,(DLA-CSC3406-ZLXY1630-ZUXC-DOF/250708)
2025-07-08_IGT1180_UGTB_ZLXY,2025-07-08 23:38:20,DLA,IGT1180,,,UGTB,ZLXY,,,1600,,,(DLA-IGT1180-UGTB1600-ZLXY-DOF/250708)
2025-07-08_CSZ9208_ZLXY_ZGSZ,2025-07-09 00:26:06,DLA,CSZ9208,,,ZLXY,ZGSZ,,,1900,,,(DLA-CSZ9208-ZLXY1900-ZGSZ-DOF/250708)
2025-07-08_IGT1180_UGTB_ZLXY,2025-07-09 00:52:29,DLA,IGT1180,,,UGTB,ZLXY,,,1655,,,(DLA-IGT1180-UGTB1655-ZLXY-DOF/250708)
2025-07-08_CES2268_ZUCK_ZLXY,2025-07-09 01:05:10,DLA,CES2268,,,ZUCK,ZLXY,,,1705,,,(DLA-CES2268-ZUCK1705-ZLXY-DOF/250708)
2025-07-08_CES2268_ZUCK_ZLXY,2025-07-09 01:12:04,DLA,CES2268,,,ZUCK,ZLXY,,,1715,,,(DLA-CES2268-ZUCK1715-ZLXY-DOF/250708)
2025-07-08_CHH7367_ZLXY_ZUCK,2025-07-09 01:16:18,DLA,CHH7367,,,ZLXY,ZUCK,,,1820,,,(DLA-CHH7367-ZLXY1820-ZUCK-DOF/250708)
KEY_GENERATION_FAILED,2025-07-09 01:31:51,CPL,GCR6592,B32DH,,ZLZY,,,,,,,"(CPL-GCR6592-IS
-A20N/M-SDE2E3FGHIRWY/LB1
-ZLZY-VIPAG/1729S0780
-M078S1010 OVNUL W677 IGIRO H39 AKD H36 NSH 
-ZLXY
-PBN/A1B4C1D1L1O2S2 NAV/ABAS DOF/250708 REG/B32DH EET/ZPKM0102
 SEL/CDAQ 
CODE/781F28 OPR/TIANJIN AIRLINES RMK/TCAS AND CATII OPERATION
 ALTERNATE ZLXY DUE ZUCK WEATHER)"
2025-07-08_CKS785_ZLXY_RKSI,2025-07-09 01:33:10,FPL,CKS785,N716CK,,ZLXY,RKSI,,,,,,"(FPL-CKS785-IN
-B744/H-SDE2E3FGHIJ4J7M3P2RWXYZ/LB1D1
-ZLXY2100
-K0949S0890 WJC G212 VYK W34 VAPGU W100 ORAVA W201 UNSEK A326 
DONVO G597 AGAVO/N0513F290 Y644 REBIT REBIT2H
-RKSI0215 RKTU
-PBN/A1L1B1C1D1O1S2 NAV/Z1 RNP2 DAT/1FANS CPDLCX SUR/260B RSP180
 CANMANDATE 
DOF/250708 REG/N716CK EET/ZBPE0024 ZYSH0118 ZSHA0133 RKRR0144
 SEL/GKDF 
CODE/A99293 PER/D RMK/TCAS II EQUIPPED OVRFLT PERMITS CHINA CAD
 2025S2985 
SOUTH KOREA APPROVED LND PERMIT SOUTH KOREA APPROVED)"
2025-07-08_CKS785_ZLXY_RKSI,2025-07-09 01:33:10,FPL,CKS785,N716CK,,ZLXY,RKSI,,,,,,"(FPL-CKS785-IN
-B744/H-SDE2E3FGHIJ4J7M3P2RWXYZ/LB1D1
-ZLXY2100
-K0949S0890 WJC G212 VYK W34 VAPGU W100 ORAVA W201 UNSEK A326 
DONVO G597 AGAVO/N0513F290 Y644 REBIT REBIT2H
-RKSI0215 RKTU
-PBN/A1L1B1C1D1O1S2 NAV/Z1 RNP2 DAT/1FANS CPDLCX SUR/260B RSP180
 CANMANDATE 
DOF/250708 REG/N716CK EET/ZBPE0024 ZYSH0118 ZSHA0133 RKRR0144
 SEL/GKDF 
CODE/A99293 PER/D RMK/TCAS II EQUIPPED OVRFLT PERMITS CHINA CAD
 2025S2985 
SOUTH KOREA APPROVED LND PERMIT SOUTH KOREA APPROVED)"
2025-07-08_CDC8153_ZSHC_ZLXY,2025-07-09 01:34:03,FPL,CDC8153,B32JX,,ZSHC,ZLXY,,,,,,"(FPL-CDC8153-IS
-A21N/M-SDE1FGHIM3RWY/LB2
-ZSHC2240
-K0872S0840 NIVIK W135 DOGVI W545 VEMEX W163 HFE B208 ZHO H14 SHX
-ZLXY0153 ZLIC ZHLY
-PBN/A1B1C1D1L1O1S2 DOF/250708 REG/B32JX EET/ZHWH0100 ZLHW0147
 SEL/DMPQ 
CODE/7821AE OPR/ZHEJIANGLOONGAIR RMK/HUD I CAT II ACAS II AOC TEL 
057182352500 OR 057181689590)"
2025-07-08_CDC8153_ZSHC_ZLXY,2025-07-09 01:34:03,FPL,CDC8153,B32JX,,ZSHC,ZLXY,,,,,,"(FPL-CDC8153-IS
-A21N/M-SDE1FGHIM3RWY/LB2
-ZSHC2240
-K0872S0840 NIVIK W135 DOGVI W545 VEMEX W163 HFE B208 ZHO H14 SHX
-ZLXY0153 ZLIC ZHLY
-PBN/A1B1C1D1L1O1S2 DOF/250708 REG/B32JX EET/ZHWH0100 ZLHW0147
 SEL/DMPQ 
CODE/7821AE OPR/ZHEJIANGLOONGAIR RMK/HUD I CAT II ACAS II AOC TEL 
057182352500 OR 057181689590)"
2025-07-08_CES5199_ZLXY_ZBAD,2025-07-09 02:12:26,FPL,CES5199,B32LT,,ZLXY,ZBAD,,,,,,"(FPL-CES5199-IS
-A21N/M-SDE1E2E3FGHIM1RWY/LB1
-ZLXY2230
-K0889S0810 WJC G212 TONOV/K0785S0690 G212 BELAX
-ZBAD0122 ZBAA ZBTJ
-PBN/A1B1C1D1L1O1S2 SUR/260B DOF/250708 REG/B32LT EET/ZBPE0025
 SEL/FMBL 
CODE/782242 RMK/TCAS II CAT II APPROVED)"
2025-07-08_CES5199_ZLXY_ZBAD,2025-07-09 02:12:27,FPL,CES5199,B32LT,,ZLXY,ZBAD,,,,,,"(FPL-CES5199-IS
-A21N/M-SDE1E2E3FGHIM1RWY/LB1
-ZLXY2230
-K0889S0810 WJC G212 TONOV/K0785S0690 G212 BELAX
-ZBAD0122 ZBAA ZBTJ
-PBN/A1B1C1D1L1O1S2 SUR/260B DOF/250708 REG/B32LT EET/ZBPE0025
 SEL/FMBL 
CODE/782242 RMK/TCAS II CAT II APPROVED)"
2025-07-08_CSC3405_ZUXC_ZLXY,2025-07-09 02:30:03,DLA,CSC3405,,,ZUXC,ZLXY,,,1830,,,(DLA-CSC3405-ZUXC1830-ZLXY-DOF/250708)
2025-07-08_GCR6592_ZLXY_ZUCK,2025-07-09 02:38:10,DLA,GCR6592,,,ZLXY,ZUCK,,,2130,,,(DLA-GCR6592-ZLXY2130-ZUCK-DOF/250708)
2025-07-08_GCR7942_ZLXY_ZUCK,2025-07-09 02:57:56,DLA,GCR7942,,,ZLXY,ZUCK,,,2045,,,(DLA-GCR7942-ZLXY2045-ZUCK-DOF/250708)
2025-07-08_CES5199_ZLXY_ZBAD,2025-07-09 03:02:30,CHG,CES5199,,,ZLXY,ZBAD,ZBAD,ZBTJ,,,,"(CHG-CES5199-ZLXY2230-ZBAD-DOF/250708
-16/ZBAD0120 ZBTJ)"
KEY_GENERATION_FAILED,2025-07-09 03:07:51,CPL,GCR7760,B9963,,ZYHB,,,,,,,"(CPL-GCR7760-IS
-A320/M-SDE2E3FGHIRWY/LB1
-ZYHB-P701/1903S0390
-M078S0920 OVNUL W677 IGIRO H39 AKD H36 NSH 
-ZLXY
-PBN/A1B4C1D1L1O2S2 NAV/ABAS DOF/250708 REG/B9963 EET/ZBPE0106
 ZLHW0218 
ZPKM0316 SEL/HSER CODE/7800A5 OPR/TIANJIN AIRLINES RMK/TCAS AND
 CATII 
OPERATION ALTERNATE ZLXY DUE ZUCK WEATHER)"
2025-07-08_CHH7898_ZJSY_ZLXY,2025-07-09 03:43:35,FPL,CHH7898,B32LY,,ZJSY,ZLXY,,,,,,"(FPL-CHH7898-IS
-A21N/M-SDE1E2E3FGHIM1RWYZ/LB1
-ZJSY2330
-M078S1070 PORAP W222 NUMKU W223 AGTEL W71 LH/M078S1100 R339 
P477 H19 KWE W3 OVSUS/M078S1070 W3 DS W4 IGIRO H39 AKD H36 
NSH
-ZLXY0246 ZLLL ZLIC
-PBN/A1B1C1D1L1O1S2 NAV/ABAS DOF/250708 REG/B32LY EET/ZGZU0027
 ZPKM0117 
ZLHW0212 SEL/2759 CODE/78224D OPR/HAINAN AIRLINES RMK/ACAS II)"
2025-07-08_CHH7898_ZJSY_ZLXY,2025-07-09 03:43:35,FPL,CHH7898,B32LY,,ZJSY,ZLXY,,,,,,"(FPL-CHH7898-IS
-A21N/M-SDE1E2E3FGHIM1RWYZ/LB1
-ZJSY2330
-M078S1070 PORAP W222 NUMKU W223 AGTEL W71 LH/M078S1100 R339 
P477 H19 KWE W3 OVSUS/M078S1070 W3 DS W4 IGIRO H39 AKD H36 
NSH
-ZLXY0246 ZLLL ZLIC
-PBN/A1B1C1D1L1O1S2 NAV/ABAS DOF/250708 REG/B32LY EET/ZGZU0027
 ZPKM0117 
ZLHW0212 SEL/2759 CODE/78224D OPR/HAINAN AIRLINES RMK/ACAS II)"
2025-07-08_CCA8105_ZBHH_ZLXY,2025-07-09 03:55:45,FPL,CCA8105,B91A6,,ZBHH,ZLXY,,,,,,"(FPL-CCA8105-IS
-AJ27/M-SDE1E2E3FGHIRWYZ/LB1
-ZBHH2355
-K0846S0920 IBARO W47 LOVRA
-ZLXY0123 ZLIC
-PBN/A1B1C1D1L1O1S2 NAV/ABAS RNP2 DOF/250708 REG/B91A6 EET/ZLHW0036 
SEL/KSDL CODE/781F2C RMK/TCAS)"
KEY_GENERATION_FAILED,2025-07-09 08:23:51,CPL,CCA1279,B1761,,ZBAA,,,,,,,"(CPL-CCA1279-IS
-B738/M-SDE3FGHIRWYZ/EB1
-ZBAA-NNW/0023S0360
-K0700S0360 NNW W540 LOVRA
-ZLXY
-PBN/A1B1C1D1L1O2S2T1 NAV/ABAS RNP2 DOF/250708 REG/B1761
 EET/ZLHW0058
SEL/BGAC CODE/780D80 RMK/ALTN ZLXY DUE TO ZLYA WX)"
KEY_GENERATION_FAILED,2025-07-09 08:49:57,CPL,HXA2793,B32JW,,ZBTJ,,,,,,,"(CPL-HXA2793-IS
-A20N/M-SDFGIRW/LB2
-ZBTJ-NNW/0049S0360
-K0700S0360 NNW W540 LOVRA
-ZLXY
-PBN/B2B3B4B5C1D1O1S2 NAV/ABAS DOF/250708 REG/B32JW EET/ZLHW0106
 SEL/GKMQ
CODE/7821AF RMK/ALTN ZLXY DUE TO ZLYA WX)"
