FlightKey,ReceiveTime,MessageType,FlightNo,New_FlightNo,CraftType,New_CraftType,RegNo,New_RegNo,DepAirport,ArrAirport,New_Destination,New_Alternate_1,New_Alternate_2,New_Departure_Time,New_Route,New_Mission_STS,RawMessage
2025-08-01_CSC8229_ZLXY_ZWWW,2025-07-31 21:31:10,FPL,CSC8229,,A20N,,B32KW,,ZLXY,ZWWW,,,,,,,"(FPL-CSC8229-IS
-A20N/M-SDE1E2E3FGHIM3RWY/EB2
-ZLXY0140
-K0780S0980 TEBIB W541 OVKAB W94 XFG/K0867S0980 W213 APESU W197 
ANDIM B215 IBANO G470 QTV/K0754S0660 W99 FKG B215 WUR
-ZWWW0300 ZWTL ZWBL
-PBN/A1B1C1D1L1O1S2T1 DOF/250801 REG/B32KW EET/ZWUQ0200 SEL/PSBC
 CODE/7821FF 
OPR/SICHUAN AIRLINES RALT/ZLXY ZWWW ZWTL RMK/ACAS II CAT II 300 LVTO
 
200)"
2025-08-01_CSC3260_ZSJN_ZLXY,2025-07-31 22:04:39,FPL,CSC3260,,A20N,,B328K,,ZSJN,ZLXY,,,,,,,"(FPL-CSC3260-IS
-A20N/M-SDE1E2E3FGHIM3RWY/EB2
-ZSJN0225
-K0780S0980 GULEK W4 OMLIX/K0769S0600 W4 SHX
-ZLXY0120 ZLLL ZBYN
-PBN/A1B1C1D1L1O1S2T1 DOF/250801 REG/B328K EET/ZHWH0018 ZLHW0057
 SEL/FMCQ 
CODE/781D42 OPR/SICHUAN AIRLINES RMK/ACAS II CAT II)"
2025-08-01_CSC3266_ZWSH_ZLXY,2025-07-31 23:01:39,FPL,CSC3266,,A20N,,B30E0,,ZWSH,ZLXY,,,,,,,"(FPL-CSC3266-IS
-A20N/M-SDE1E2E3FGHIM3RWY/EB1
-ZWSH0405
-K0780S1010 KHG W176 MAGIV W187 KARVI W191 DNC W565 BIGUX/K0809S0810
 
W214 HO
-ZLXY0330 ZBYN ZHCC
-PBN/A1B1C1D1L1O1S2T1 DOF/250801 REG/B30E0 EET/ZLHW0132 SEL/BRCS
 CODE/7818DE 
OPR/SICHUAN AIRLINES RALT/ZWWW ZLXY ZWSH ZLDH RMK/ACAS II CAT II)"
2025-08-01_CES2269_ZLXY_ZGSZ,2025-08-01 01:38:59,FPL,CES2269,,A21N,,B32LT,,ZLXY,ZGSZ,,,,,,,"(FPL-CES2269-IS
-A21N/M-SDE1E2E3FGHIM1RWY/LB1
-ZLXY0045
-K0861S0920 NSH W30 TAMUS W180 BONSA/K0857S0890 W180 LIDMA W182 
LAGEX G586 SJG B330 POU W7 SAREX
-ZGSZ0216 ZGGG
-PBN/A1B1C1D1L1O1S2 SUR/260B DOF/250801 REG/B32LT EET/ZPKM0023
 ZGZU0117 
SEL/FMBL CODE/782242 RMK/TCAS II CAT II APPROVED)"
2025-08-01_TBA6011_ZLXY_ZPDL,2025-08-01 05:14:46,FPL,TBA6011,,A19N,,B32FF,,ZLXY,ZPDL,,,,,,,"(FPL-TBA6011-IS
-A19N/M-SDE1E2E3GHIM1RWY/LB2
-ZLXY0125
-K0780S0980 NSH W30 HX H89 P570 H158 P513 J174 LJA
-ZPDL0156 ZUYB ZPPP
-PBN/B1C1D1L1O2S2T1 NAV/ABAS REG/B32FF
 EET/ZPKM0035 SEL/AQKL  CODE/781FD5
 RMK/ACASII AND CATII )"
2025-08-01_TBA6011_ZLXY_ZPDL,2025-08-01 05:14:55,FPL,TBA6011,,A19N,,B32FF,,ZLXY,ZPDL,,,,,,,"(FPL-TBA6011-IS
-A19N/M-SDE1E2E3GHIM1RWY/LB2
-ZLXY0125
-K0780S0980 NSH W30 HX H89 P570 H158 P513 J174 LJA
-ZPDL0156 ZUYB ZPPP
-PBN/B1C1D1L1O2S2T1 NAV/ABAS REG/B32FF EET/ZPKM0035 SEL/AQKL
 CODE/781FD5 
RMK/ACASII AND CATII)"
2025-08-01_CES2303_ZLXY_ZGGG,2025-08-01 05:36:32,CHG,CES2303,,,,,,ZLXY,ZGGG,ZGGG,ZGSZ,ZGOW,,,,"(CHG-CES2303-ZLXY0025-ZGGG-DOF/250801
-16/ZGGG0220 ZGSZ ZGOW)"
2025-08-01_CES2106_ZBAD_ZLXY,2025-08-01 05:43:37,FPL,CES2106,,A21N,,B32LT,,ZBAD,ZLXY,,,,,,,"(FPL-CES2106-IS
-A21N/M-SDE1E2E3FGHIM1RWY/LB1
-ZBAD0200
-K0868S0720 PEGSO B215 GODON W43 ATERI/K0821S0600 W43 GUTRU W47 
LOVRA
-ZLXY0125 ZLYL
-PBN/A1B1C1D1L1O1S2 SUR/260B DOF/250801 REG/B32LT EET/ZLHW0048
 SEL/FMBL 
CODE/782242 RMK/TCAS II CAT II APPROVED)"
2025-08-01_CDC8937_ZLXY_UTSS,2025-08-01 06:00:18,FPL,CDC8937,,A319,,B303T,,ZLXY,UTSS,,,,,,,"(FPL-CDC8937-IS
-A319/M-SDE1FGHIM3RWY/LB2
-ZLXY0150
-K0854S0980 TEBIB W541 OVKAB W94 XFG W213 APESU W197 ANDIM B215 
TODOD W112 TUSLI W187 SADAN W186 KAMUD/N0455F320 L147 BALVU B351 
RUDEK L143 TISIB L141 ILGOZ Y92 TITAR
-UTSS0516 UTTT
-PBN/A1B1C1D1L1O1S2 DOF/250801 REG/B303T EET/ZWUQ0229 UCFM0359
 UCFO0440 
UTTR0455 UTSD0522 SEL/DRBH CODE/78156D OPR/ZHEJIANGLOONGAIR RMK/CAT 
II TCAS AOC TEL 057182352500 OR 057181689590 THE OVERFLIGHT
 OPERATION 
PERMISSION N 52 1503 GCU R)"
2025-08-01_HXA2769_ZLXY_ZSJU,2025-08-01 06:40:09,FPL,HXA2769,,A20N,,B32MH,,ZLXY,ZSJU,,,,,,,"(FPL-HXA2769-IS
-A20N/M-SDFGIRW/LB2
-ZLXY0240
-K0809S0840 P241 H132 P234/K0848S0810 H36 SNF W269 OLPOV B213 WHA 
R343 SAGUD W50 XSH H17 SHR
-ZSJU0205 ZSHC
-PBN/B2B3B4B5C1D1O1S2 NAV/ABAS DOF/250801 REG/B32MH EET/ZHWH0031
 ZSHA0121 
SEL/HQDG CODE/78227D RMK/TCAS)"
2025-08-01_CES2269_ZLXY_ZGSZ,2025-08-01 06:41:03,CHG,CES2269,,,,,B32N1,ZLXY,ZGSZ,ZGSZ,ZGOW,,,,,"(CHG-CES2269-ZLXY0045-ZGSZ-DOF/250801
-16/ZGSZ0217 ZGOW
-18/PBN/A1B1C1D1L1O1S2 SUR/260B DOF/250801 REG/B32N1 EET/ZPKM0022
 ZGZU0118 
SEL/KMHQ CODE/7822C7 RMK/TCAS II CAT II APPROVED)"
2025-08-01_CES2106_ZBAD_ZLXY,2025-08-01 07:24:14,CHG,CES2106,,,,,,ZBAD,ZLXY,ZLXY,ZHCC,,,,,"(CHG-CES2106-ZBAD0200-ZLXY-DOF/250801
-16/ZLXY0123 ZHCC)"
2025-08-01_CHH7898_ZLXY_ZWWW,2025-08-01 07:48:09,FPL,CHH7898,,A21N,,B32LY,,ZLXY,ZWWW,,,,,,,"(FPL-CHH7898-IS
-A21N/M-SDE1E2E3FGHIM1RWYZ/LB1
-ZLXY0340
-M078S0980 TEBIB W541 OVKAB W94 XFG W213 APESU W197 ANDIM 
B215 IBANO G470 QTV W99 FKG B215 WUR
-ZWWW0303 ZWTL ZWQT
-PBN/A1B1C1D1L1O1S2 NAV/ABAS DOF/250801 REG/B32LY EET/ZWUQ0200
 SEL/2759 
CODE/78224D OPR/HAINAN AIRLINES RMK/ACAS II)"
2025-08-01_CES2270_ZGSZ_ZLXY,2025-08-01 08:26:44,FPL,CES2270,,A21N,,B32N1,,ZGSZ,ZLXY,,,,,,,"(FPL-CES2270-IS
-A21N/M-SDE1E2E3FGHIM1RWY/LB1
-ZGSZ0445
-K0863S0920 MIPAG W21 NUSLA W22 TEPID W24 OSNOV G586 QP B330 
SJG/K0863S0890 W102 SHX
-ZLXY0217 ZHCC
-PBN/A1B1C1D1L1O1S2 SUR/260B DOF/250801 REG/B32N1 EET/ZHWH0120
 ZLHW0141 
SEL/KMHQ CODE/7822C7 RMK/TCAS II CAT II APPROVED)"
2025-08-01_CES2796_ZLXY_ZSNJ,2025-08-01 08:35:48,CHG,CES2796,,,,,,ZLXY,ZSNJ,ZSNJ,ZSOF,,,,,"(CHG-CES2796-ZLXY0250-ZSNJ-DOF/250801
-16/ZSNJ0127 ZSOF)"
2025-08-01_CES2245_ZLXY_ZYHB,2025-08-01 08:44:03,FPL,CES2245,,A21N,,B32N1,,ZLXY,ZYHB,,,,,,,"(FPL-CES2245-IS
-A21N/M-SDE1E2E3FGHIM1RWY/LB1
-ZLXY0915
-K0863S0950 WJC G212 TUTNA/K0872S1010 G212 BELAX/K0859S0950 G212 
SOTMU/K0861S0920 B339 HUR/K0859S0950 B334 TGO G212 RUSBO W203 
PIGAM
-ZYHB0229 ZYCC
-PBN/A1B1C1D1L1O1S2 SUR/260B DOF/250801 REG/B32N1 EET/ZBPE0027
 ZYSH0132 
SEL/KMHQ CODE/7822C7 RMK/TCAS II CAT II APPROVED)"
2025-08-01_TBA6012_ZPDL_ZLXY,2025-08-01 08:52:15,FPL,TBA6012,,A19N,,B32FF,,ZPDL,ZLXY,,,,,,,"(FPL-TBA6012-IS
-A19N/M-SDE1E2E3GHIM1RWY/LB2
-ZPDL0420
-K0780S1010 CEH W162 KAKMI W144 IGNAK W179 WFX W81 NSH
-ZLXY0202 ZHCC ZBYC
-PBN/B1C1D1L1O2S2T1 NAV/ABAS REG/B32FF
 EET/ZLHW0120 SEL/AQKL  CODE/781FD5
 RMK/ACASII AND CATII )"
2025-08-01_TBA6012_ZPDL_ZLXY,2025-08-01 08:52:22,FPL,TBA6012,,A19N,,B32FF,,ZPDL,ZLXY,,,,,,,"(FPL-TBA6012-IS
-A19N/M-SDE1E2E3GHIM1RWY/LB2
-ZPDL0420
-K0780S1010 CEH W162 KAKMI W144 IGNAK W179 WFX W81 NSH
-ZLXY0202 ZHCC ZBYC
-PBN/B1C1D1L1O2S2T1 NAV/ABAS REG/B32FF EET/ZLHW0120 SEL/AQKL
 CODE/781FD5 
RMK/ACASII AND CATII)"
2025-08-01_CSN3219_ZGGG_ZLXY,2025-08-01 09:18:24,FPL,CSN3219,,A21N,,B32MC,,ZGGG,ZLXY,,,,,,,"(FPL-CSN3219-IS
-A21N/M-SDE2E3FGHIJ3J5LM1OP2RVWYZ/LB1D1
-ZGGG0410
-K0868S0840 AGVIL W24 OSNOV G586 QP B330 SJG/K0870S0810 W102 
BIGVI/K0862S0890 W102 SHX
-ZLXY0201 ZHNY
-PBN/A1B1C1D1L1O1S2 NAV/ABAS RNP2 DOF/250801 REG/B32MC EET/ZHWH0108 
ZLHW0129 SEL/LQES CODE/782264 PER/C RMK/ACASII)"
2025-08-01_CES2270_ZGSZ_ZLXY,2025-08-01 09:22:02,CHG,CES2270,,,,,B32N1,ZGSZ,ZLXY,,,,,,,"(CHG-CES2270-ZGSZ0445-ZLXY-DOF/250801
-18/PBN/A1B1C1D1L1O1S2 SUR/260B DOF/250801 REG/B32N1 EET/ZHWH0119
 ZLHW0140 
SEL/KMHQ CODE/7822C7 TALT/ZGSD RMK/TCAS II CAT II APPROVED)"
2025-08-01_CES2203_ZLXY_ZWSH,2025-08-01 09:28:10,FPL,CES2203,,A21N,,B32LT,,ZLXY,ZWSH,,,,,,,"(FPL-CES2203-IS
-A21N/M-SDE1E2E3FGHIM1RWY/LB1
-ZLXY0545
-K0876S1040 TEBIB W541 OVKAB W94 XFG W213 APESU W197 ANDIM B215 
TODOD W112 TUSLI W187 SADAN W186 PAMLI/K0870S0840 W186 
AKS W176 PUBUR/K0900S0720 W176 KHG
-ZWSH0407 ZWKC
-PBN/A1B1C1D1L1O1S2 SUR/260B DOF/250801 REG/B32LT EET/ZWUQ0214
 SEL/FMBL 
CODE/782242 RMK/TCAS II CAT II APPROVED)"
2025-08-01_CSN3219_ZGGG_ZLXY,2025-08-01 11:26:23,CHG,CSN3219,,,,,B30FW,ZGGG,ZLXY,,,,0411,"K0865S0840 AGVIL  W24 OSNOV G586 QP B330 SJG/K0870S0810 W102 BIGVI/K0860S0890 W102  SHX",,"(CHG-CSN3219-ZGGG0410-ZLXY-DOF/250801
-10/SADE2E3FGHIJ3J5LM1OP2RVWYZ/LB1D1
-13/ZGGG0411
-15/K0865S0840 AGVIL 
W24 OSNOV G586 QP B330 SJG/K0870S0810 W102 BIGVI/K0860S0890 W102 
SHX
-18/PBN/A1B1C1D1L1O1S2 NAV/ABAS RNP2 DOF/250801 REG/B30FW
 EET/ZHWH0108 
ZLHW0129 SEL/ERGQ CODE/78198E PER/C RMK/ACASII)"
2025-08-01_TBA9963_ZLXY_ZSNT,2025-08-01 12:11:44,FPL,TBA9963,,A19N,,B32FF,,ZLXY,ZSNT,,,,,,,"(FPL-TBA9963-IS
-A19N/M-SDE1E2E3GHIM1RWY/LB2
-ZLXY0750
-K0780S0950 P17 H131 P62 H11 ML W118 REVKU H48 FYG B208 HFE R343
 OLRIS G345 UNTAN G330 PIKAS W109 NTG
-ZSNT0210 ZSLY ZSHC
-PBN/B1C1D1L1O2S2T1 NAV/ABAS REG/B32FF
 EET/ZHWH0030 ZSHA0105 SEL/AQKL  CODE/781FD5
 RMK/ACASII AND CATII )"
2025-08-01_TBA9963_ZLXY_ZSNT,2025-08-01 12:11:52,FPL,TBA9963,,A19N,,B32FF,,ZLXY,ZSNT,,,,,,,"(FPL-TBA9963-IS
-A19N/M-SDE1E2E3GHIM1RWY/LB2
-ZLXY0750
-K0780S0950 P17 H131 P62 H11 ML W118 REVKU H48 FYG B208 HFE R343 
OLRIS G345 UNTAN G330 PIKAS W109 NTG
-ZSNT0210 ZSLY ZSHC
-PBN/B1C1D1L1O2S2T1 NAV/ABAS REG/B32FF EET/ZHWH0030 ZSHA0105
 SEL/AQKL 
CODE/781FD5 RMK/ACASII AND CATII)"
2025-08-01_CYZ9033_ZLXY_ZSNJ,2025-08-01 12:27:47,CHG,CYZ9033,,,,,B5305,ZLXY,ZSNJ,,,,0700,,,"(CHG-CYZ9033-ZLXY0400-ZSNJ-DOF/250801
-13/ZLXY0700
-18/PBN/B2B3B4B5C1D1O1S2 NAV/ABAS DOF/250801 REG/B5305 EET/ZHWH0026
 ZSHA0104 SEL/BKDJ CODE/7802E7 OPR/CHINA POSTAL RMK/TCAS EQUIPPED)"
2025-08-01_CYZ9033_ZLXY_ZSNJ,2025-08-01 12:27:57,CHG,CYZ9033,,,,,B5305,ZLXY,ZSNJ,,,,0700,,,"(CHG-CYZ9033-ZLXY0400-ZSNJ-DOF/250801
-13/ZLXY0700
-18/PBN/B2B3B4B5C1D1O1S2 NAV/ABAS DOF/250801 REG/B5305 EET/ZHWH0026
 ZSHA0104 
SEL/BKDJ CODE/7802E7 OPR/CHINA POSTAL RMK/TCAS EQUIPPED)"
2025-08-01_CDC8938_UTSS_ZLXY,2025-08-01 12:57:30,FPL,CDC8938,,A319,,B303T,,UTSS,ZLXY,,,,,,,"(FPL-CDC8938-IN
-A319/M-SDE1FGHIM3RWY/LB2
-UTSS0835
-N0452F330 TITAR Y92 ILGOZ L141 TISIB L143 RUDEK B351 BALVU L147 
KAMUD/K0833S1010 W186 SADAN W187 TUSLI W112 VIKUP W191 DNC W565 
BIGUX W214 HO
-ZLXY0422 ZHCC
-PBN/A1B1C1D1L1O1S2 DOF/250801 REG/B303T EET/UTTR0009 UCFO0032
 UCFM0044 
ZWUQ0119 ZLHW0234 SEL/DRBH CODE/78156D OPR/ZHEJIANGLOONGAIR RMK/CAT 
II TCAS AOC TEL 057182352500 OR 057181689590)"
2025-08-01_CHH7897_ZWWW_ZLXY,2025-08-01 13:48:25,FPL,CHH7897,,A21N,,B32LY,,ZWWW,ZLXY,,,,,,,"(FPL-CHH7897-IS
-A21N/M-SDE1E2E3FGHIM1RWYZ/LB1
-ZWWW0855
-M078S1070 WUR X54 ESDEX W191 DNC W565 BIGUX W214 HO
-ZLXY0249 ZLLL ZLIC
-PBN/A1B1C1D1L1O1S2 NAV/ABAS DOF/250801 REG/B32LY EET/ZLHW0052
 SEL/2759 
CODE/78224D OPR/HAINAN AIRLINES RMK/ACAS II)"
2025-08-01_CES2368_ZLDH_ZLXY,2025-08-01 13:52:22,CHG,CES2368,,,,,B6616,ZLDH,ZLXY,,,,,,,"(CHG-CES2368-ZLDH0745-ZLXY-DOF/250801
-18/PBN/A1B1C1D1L1O1S2 SUR/260 DOF/250801 REG/B6616 SEL/BEAS
 CODE/7805D8 
TALT/ZLJQ RMK/TCAS II CAT II APPROVED)"
2025-08-01_CXA8228_ZLXY_ZSAM,2025-08-01 14:01:28,FPL,CXA8228,,A21N,,B32F2,,ZLXY,ZSAM,,,,,,,"(FPL-CXA8228-IS
-A21N/M-SDE1E2E3FGHIM3RWYZ/LB1
-ZLXY0855
-K0850S1040 P241 H132 P234/K0850S1070 H36 SNF W269
 OLPOV B213 WHA R343 SAGUD W50 XSH W105 PEXEK H18
 QO
-ZSAM0217 ZSFZ ZSWZ
-PBN/A1B1C1D1L1O1S2 NAV/RNP2 DOF/250801 REG/B32F2
 EET/ZHWH0030 ZSHA0125 SEL/BJLM CODE/781FB6
 OPR/CXA RMK/ACAS II LVTO)"
2025-08-01_CXA8228_ZLXY_ZSAM,2025-08-01 14:01:39,FPL,CXA8228,,A21N,,B32F2,,ZLXY,ZSAM,,,,,,,"(FPL-CXA8228-IS
-A21N/M-SDE1E2E3FGHIM3RWYZ/LB1
-ZLXY0855
-K0850S1040 P241 H132 P234/K0850S1070 H36 SNF W269 
OLPOV B213 WHA R343 SAGUD W50 XSH W105 PEXEK H18 
QO
-ZSAM0217 ZSFZ ZSWZ
-PBN/A1B1C1D1L1O1S2 NAV/RNP2 DOF/250801 REG/B32F2 EET/ZHWH0030
 ZSHA0125 
SEL/BJLM CODE/781FB6 OPR/CXA RMK/ACAS II LVTO)"
2025-08-01_CES2435_ZLXY_ZWKL,2025-08-01 14:06:12,CHG,CES2435,,,,,,ZLXY,ZWKL,ZWKL,ZWWW,,,,,"(CHG-CES2435-ZLXY0855-ZWKL-DOF/250801
-16/ZWKL0308 ZWWW)"
2025-08-01_CES6284_ZWTC_ZLXY,2025-08-01 14:07:27,CHG,CES6284,,,,,,ZWTC,ZLXY,ZLXY,ZHCC,,,,,"(CHG-CES6284-ZWTC0820-ZLXY-DOF/250801
-16/ZLXY0304 ZHCC)"
2025-08-01_CES2223_ZLXY_ZSHC,2025-08-01 14:09:36,CHG,CES2223,,,,,,ZLXY,ZSHC,ZSHC,ZSWZ,,,,,"(CHG-CES2223-ZLXY0810-ZSHC-DOF/250801
-16/ZSHC0141 ZSWZ)"
2025-08-01_CES2265_ZLXY_ZGHA,2025-08-01 14:12:22,CHG,CES2265,,,,,,ZLXY,ZGHA,ZGHA,ZSCN,,,,,"(CHG-CES2265-ZLXY0815-ZGHA-DOF/250801
-16/ZGHA0125 ZSCN)"
2025-08-01_CES2204_ZWSH_ZLXY,2025-08-01 14:13:47,FPL,CES2204,,A21N,,B32LT,,ZWSH,ZLXY,,,,,,,"(FPL-CES2204-IS
-A21N/M-SDE1E2E3FGHIM1RWY/LB1
-ZWSH1255
-K0851S0890 KHG W176 MAGIV W187 KANPI/K0872S1010 W187 TUSLI W112 
VIKUP W191 DNC W565 BIGUX W214 HO
-ZLXY0341 ZHCC
-PBN/A1B1C1D1L1O1S2 SUR/260B DOF/250801 REG/B32LT EET/ZLHW0134
 SEL/FMBL 
CODE/782242 RMK/TCAS II CAT II APPROVED)"
2025-08-01_CES2115_ZLXY_ZBAD,2025-08-01 14:15:19,CHG,CES2115,,,,,,ZLXY,ZBAD,ZBAD,ZBAA,ZSJN,,,,"(CHG-CES2115-ZLXY0900-ZBAD-DOF/250801
-16/ZBAD0123 ZBAA ZSJN)"
2025-08-01_CES2808_ZLXY_ZSNJ,2025-08-01 14:16:36,CHG,CES2808,,,,,,ZLXY,ZSNJ,ZSNJ,ZSHC,ZSCG,,,,"(CHG-CES2808-ZLXY0815-ZSNJ-DOF/250801
-16/ZSNJ0129 ZSHC ZSCG)"
2025-08-01_CMS571_UGTB_ZLXY,2025-08-01 14:19:58,DLA,CMS571,,,,,,UGTB,ZLXY,,,,0620,,,(DLA-CMS571-UGTB0620-ZLXY-DOF/250801)
2025-08-01_CPA947_ZLXY_VHHH,2025-08-01 14:21:15,CHG,CPA947,,,,,,ZLXY,VHHH,VHHH,ZGSZ,,,,,"(CHG-CPA947-ZLXY0750-VHHH-DOF/250801
-16/VHHH0229 ZGSZ)"
2025-08-01_CES851_ZLXY_ZSNJ,2025-08-01 14:22:42,CHG,CES851,,,,,,ZLXY,ZSNJ,ZSNJ,ZSHC,,,,,"(CHG-CES851-ZLXY0925-ZSNJ-DOF/250801
-16/ZSNJ0130 ZSHC)"
2025-08-01_CCA8116_ZLXY_ZBHH,2025-08-01 14:25:51,FPL,CCA8116,,AJ27,,B605U,,ZLXY,ZBHH,,,,,,,"(FPL-CCA8116-IS
-AJ27/M-SDE1E2E3FGHIRWYZ/LB1
-ZLXY1030
-K0856S0890 WJC W193 ALGOV W101 VALNI
-ZBHH0118 ZBSJ
-PBN/A1B1C1D1L1O1S2 NAV/ABAS RNP2 DOF/250801 REG/B605U EET/ZBPE0040 
SEL/HSJM CODE/781923 RMK/TCAS)"
2025-08-01_CES2895_ZSNJ_ZLXY,2025-08-01 14:28:39,CHG,CES2895,,,,,,ZSNJ,ZLXY,ZLXY,ZHLY,,,,,"(CHG-CES2895-ZSNJ0900-ZLXY-DOF/250801
-16/ZLXY0141 ZHLY)"
2025-08-01_CDC8154_ZWSH_ZLXY,2025-08-01 14:32:55,FPL,CDC8154,,A21N,,B325K,,ZWSH,ZLXY,,,,,,,"(FPL-CDC8154-IS
-A21N/M-SDE1FGHIM3RWY/LB2
-ZWSH0910
-K0848S0950 KHG W176 MAGIV W187 TUSLI W112 VIKUP W191 DNC W565 BIGUX
 
W214 HO
-ZLXY0331 ZHCC
-PBN/A1B1C1D1L1O1S2 DOF/250801 REG/B325K EET/ZLHW0140 SEL/GJFS
 CODE/781C31 
OPR/ZHEJIANGLOONGAIR RALT/ZLDH ZWTL ZLXY RMK/HUD I CAT II ACAS II 
AOC TEL 057182352500 OR 057181689590)"
2025-08-01_CES2174_ZYHB_ZLXY,2025-08-01 14:36:57,CHG,CES2174,,,,,,ZYHB,ZLXY,ZLXY,ZLYL,,,,,"(CHG-CES2174-ZYHB0930-ZLXY-DOF/250801
-16/ZLXY0258 ZLYL)"
2025-08-01_CES2433_ZLXY_ZGSZ,2025-08-01 14:37:40,CHG,CES2433,,,,,,ZLXY,ZGSZ,ZGSZ,ZGSD,,,,,"(CHG-CES2433-ZLXY0935-ZGSZ-DOF/250801
-16/ZGSZ0216 ZGSD)"
2025-08-01_CES2156_ZLXY_ZLXN,2025-08-01 14:41:37,CHG,CES2156,,,,,,ZLXY,ZLXN,ZLXN,ZLXY,,,,,"(CHG-CES2156-ZLXY0905-ZLXN-DOF/250801
-16/ZLXN0107 ZLXY)"
2025-08-01_CES9960_ZLXN_ZLXY,2025-08-01 14:48:48,CHG,CES9960,,,,,,ZLXN,ZLXY,ZLXY,ZLYL,,,,,"(CHG-CES9960-ZLXN0935-ZLXY-DOF/250801
-16/ZLXY0102 ZLYL)"
2025-08-01_CES2202_ZSQD_ZLXY,2025-08-01 14:53:52,CHG,CES2202,,,,,,ZSQD,ZLXY,ZLXY,ZLYL,,,,,"(CHG-CES2202-ZSQD0945-ZLXY-DOF/250801
-16/ZLXY0136 ZLYL)"
2025-08-01_CSN3212_ZLXY_ZGGG,2025-08-01 14:56:05,DLA,CSN3212,,,,,,ZLXY,ZGGG,,,,0930,,,(DLA-CSN3212-ZLXY0930-ZGGG-DOF/250801)
2025-08-01_CES2386_ZWTN_ZLXY,2025-08-01 15:00:52,CHG,CES2386,,,,,,ZWTN,ZLXY,ZLXY,ZLYL,,,,,"(CHG-CES2386-ZWTN0910-ZLXY-DOF/250801
-16/ZLXY0317 ZLYL)"
2025-08-01_CES6296_ZLXY_ZSPD,2025-08-01 15:06:54,CHG,CES6296,,,,,B6461,ZLXY,ZSPD,ZSPD,ZSHC,,,,,"(CHG-CES6296-ZLXY1000-ZSPD-DOF/250801
-16/ZSPD0151 ZSHC
-18/PBN/A1B1C1D1L1O1S2 SUR/260B RSP180 DOF/250801 REG/B6461
 EET/ZHWH0020 
ZSHA0055 SEL/CMFK CODE/780CA8 RMK/TCAS II)"
2025-08-01_CES2709_ZSWX_ZLXY,2025-08-01 15:06:55,CHG,CES2709,,,,,B6879,ZSWX,ZLXY,ZLXY,ZHCC,,,,,"(CHG-CES2709-ZSWX0905-ZLXY-DOF/250801
-16/ZLXY0145 ZHCC
-18/PBN/A1B1C1D1L1O1S2 SUR/260 DOF/250801 REG/B6879 EET/ZHWH0041
 ZLHW0119 
SEL/FQJL CODE/78084E RMK/TCAS II CAT II APPROVED)"
2025-08-01_CES2275_ZLXY_ZLYL,2025-08-01 15:12:41,CHG,CES2275,,,,,,ZLXY,ZLYL,ZLYL,ZBYN,,,,,"(CHG-CES2275-ZLXY1000-ZLYL-DOF/250801
-16/ZLYL0045 ZBYN)"
2025-08-01_CES6179_ZLXY_ZSQZ,2025-08-01 15:19:50,CHG,CES6179,,,,,,ZLXY,ZSQZ,ZSQZ,ZGOW,,,,,"(CHG-CES6179-ZLXY1015-ZSQZ-DOF/250801
-16/ZSQZ0217 ZGOW)"
2025-08-01_CES9905_ZLXY_ZSAM,2025-08-01 15:19:52,CHG,CES9905,,,,,,ZLXY,ZSAM,ZSAM,ZSCN,,,,,"(CHG-CES9905-ZLXY1005-ZSAM-DOF/250801
-16/ZSAM0216 ZSCN)"
2025-08-01_CES5561_ZLXY_ZSSH,2025-08-01 15:27:03,CHG,CES5561,,,,,,ZLXY,ZSSH,ZSSH,ZHCC,,,,,"(CHG-CES5561-ZLXY0955-ZSSH-DOF/250801
-16/ZSSH0129 ZHCC)"
2025-08-01_CCA8113_ZBHH_ZLXY,2025-08-01 15:30:08,FPL,CCA8113,,AJ27,,B653L,,ZBHH,ZLXY,,,,,,,"(FPL-CCA8113-IS
-AJ27/M-SDE1E2E3FGHIRWYZ/LB1
-ZBHH1120
-K0847S0920 IBARO W47 LOVRA
-ZLXY0117 ZHCC
-PBN/A1B1C1D1L1O1S2 NAV/ABAS RNP2 DOF/250801 REG/B653L EET/ZLHW0035 
SEL/MRGP CODE/781EC4 RMK/TCAS)"
2025-08-01_CES2379_ZLXY_ZSHC,2025-08-01 15:30:14,CHG,CES2379,,,,,,ZLXY,ZSHC,ZSHC,ZSPD,,,,,"(CHG-CES2379-ZLXY0925-ZSHC-DOF/250801
-16/ZSHC0146 ZSPD)"
2025-08-01_CSZ9207_ZGSZ_ZLXY,2025-08-01 15:33:47,DLA,CSZ9207,,,,,,ZGSZ,ZLXY,,,,1045,,,(DLA-CSZ9207-ZGSZ1045-ZLXY-DOF/250801)
2025-08-01_CES2166_ZSSS_ZLXY,2025-08-01 15:35:09,CHG,CES2166,,,,,,ZSSS,ZLXY,ZLXY,ZHCC,,,,,"(CHG-CES2166-ZSSS1000-ZLXY-DOF/250801
-16/ZLXY0155 ZHCC)"
2025-08-01_CYZ9033_ZLXY_ZSNJ,2025-08-01 15:37:25,CHG,CYZ9033,,,,,B5305,ZLXY,ZSNJ,,,,1000,,,"(CHG-CYZ9033-ZLXY0700-ZSNJ-DOF/250801
-13/ZLXY1000
-18/PBN/B2B3B4B5C1D1O1S2 NAV/ABAS DOF/250801 REG/B5305 EET/ZHWH0026
 ZSHA0104 
SEL/BKDJ CODE/7802E7 OPR/CHINA POSTAL RMK/TCAS EQUIPPED)"
2025-08-01_CSN5841_ZGSZ_ZLXY,2025-08-01 15:40:35,DLA,CSN5841,,,,,,ZGSZ,ZLXY,,,,0750,,,(DLA-CSN5841-ZGSZ0750-ZLXY-DOF/250801)
2025-08-01_CYZ9033_ZLXY_ZSNJ,2025-08-01 15:41:50,CHG,CYZ9033,,,,,B5305,ZLXY,ZSNJ,,,,1000,,,"(CHG-CYZ9033-ZLXY0700-ZSNJ-DOF/250801
-13/ZLXY1000
-18/PBN/B2B3B4B5C1D1O1S2 NAV/ABAS DOF/250801 REG/B5305 EET/ZHWH0026
 ZSHA0104 SEL/BKDJ CODE/7802E7 OPR/CHINA POSTAL RMK/TCAS EQUIPPED)"
2025-08-01_CES2172_ZJHK_ZLXY,2025-08-01 15:44:04,CHG,CES2172,,,,,,ZJHK,ZLXY,ZLXY,ZHCC,,,,,"(CHG-CES2172-ZJHK1030-ZLXY-DOF/250801
-16/ZLXY0226 ZHCC)"
2025-08-01_CSN6399_ZYCC_ZLXY,2025-08-01 15:51:23,FPL,CSN6399,,A20N,,B32LR,,ZYCC,ZLXY,,,,,,,"(FPL-CSN6399-IS
-A20N/M-SADE2E3FGHIJ3J5LM1OP2RVWYZ/LB1D1
-ZYCC1055
-K0855S0840 BUTET G341 TGO B334 KAKAT W28 VERMI H13 HET W84 IBARO 
W47 P531/K0788S0720 W47 LOVRA
-ZLXY0249 ZHNY
-PBN/A1B1C1D1L1O1S2 NAV/ABAS RNP2 DOF/250801 REG/B32LR EET/ZBPE0053 
ZLHW0202 SEL/DSBL CODE/782237 PER/C RMK/ACASII)"
2025-08-01_CES9961_ZLXY_ZSLQ,2025-08-01 15:58:12,CHG,CES9961,,,,,,ZLXY,ZSLQ,ZSLQ,ZSHC,,,,,"(CHG-CES9961-ZLXY1020-ZSLQ-DOF/250801
-16/ZSLQ0207 ZSHC)"
2025-08-01_CES2208_ZPPP_ZLXY,2025-08-01 16:01:27,CHG,CES2208,,,,,,ZPPP,ZLXY,ZLXY,ZLYL,,,,,"(CHG-CES2208-ZPPP1030-ZLXY-DOF/250801
-16/ZLXY0145 ZLYL)"
2025-08-01_CES9919_ZLXY_ZSJN,2025-08-01 16:05:25,CHG,CES9919,,,,,,ZLXY,ZSJN,ZSJN,ZBTJ,,,,,"(CHG-CES9919-ZLXY1040-ZSJN-DOF/250801
-16/ZSJN0114 ZBTJ)"
2025-08-01_CDG4964_ZLXY_ZSQD,2025-08-01 16:08:55,DLA,CDG4964,,,,,,ZLXY,ZSQD,,,,1050,,,(DLA-CDG4964-ZLXY1050-ZSQD-DOF/250801)
2025-08-01_CES2886_ZLXY_ZSNJ,2025-08-01 16:26:14,CHG,CES2886,,,,,,ZLXY,ZSNJ,ZSNJ,ZSSS,ZSHC,,,,"(CHG-CES2886-ZLXY1025-ZSNJ-DOF/250801
-16/ZSNJ0126 ZSSS ZSHC)"
2025-08-01_CDG4963_ZSQD_ZLXY,2025-08-01 16:26:28,DLA,CDG4963,,,,,,ZSQD,ZLXY,,,,0835,,,(DLA-CDG4963-ZSQD0835-ZLXY-DOF/250801)
2025-08-01_CES2278_ZBTJ_ZLXY,2025-08-01 16:39:32,CHG,CES2278,,,,,,ZBTJ,ZLXY,ZLXY,ZLYL,,,,,"(CHG-CES2278-ZBTJ1015-ZLXY-DOF/250801
-16/ZLXY0139 ZLYL)"
2025-08-01_CES2336_ZLXY_ZSSS,2025-08-01 16:43:36,CHG,CES2336,,,,,,ZLXY,ZSSS,ZSSS,ZSHC,,,,,"(CHG-CES2336-ZLXY1130-ZSSS-DOF/250801
-16/ZSSS0145 ZSHC)"
2025-08-01_CES2311_ZLXY_ZGGG,2025-08-01 16:45:33,CHG,CES2311,,,,,,ZLXY,ZGGG,ZGGG,ZGSD,ZGOW,,,,"(CHG-CES2311-ZLXY1130-ZGGG-DOF/250801
-16/ZGGG0223 ZGSD ZGOW)"
2025-08-01_TBA9964_ZSNT_ZLXY,2025-08-01 16:50:44,FPL,TBA9964,,A19N,,B32FF,,ZSNT,ZLXY,,,,,,,"(FPL-TBA9964-IS
-A19N/M-SDE1E2E3GHIM1RWY/LB2
-ZSNT1250
-K0780S0980 NTG W109 PIKAS G330 UNTAN G345 PIMUS V11 DOGVI W545
 VEMEX W163 HFE B208 ZHO H14 SHX
-ZLXY0150 ZHCC ZBYC
-PBN/B1C1D1L1O2S2T1 NAV/ABAS REG/B32FF
 EET/ZHWH0055 ZLHW0125 SEL/AQKL  CODE/781FD5
 RMK/ACASII AND CATII )"
2025-08-01_TBA9964_ZSNT_ZLXY,2025-08-01 16:50:58,FPL,TBA9964,,A19N,,B32FF,,ZSNT,ZLXY,,,,,,,"(FPL-TBA9964-IS
-A19N/M-SDE1E2E3GHIM1RWY/LB2
-ZSNT1250
-K0780S0980 NTG W109 PIKAS G330 UNTAN G345 PIMUS V11 DOGVI W545 
VEMEX W163 HFE B208 ZHO H14 SHX
-ZLXY0150 ZHCC ZBYC
-PBN/B1C1D1L1O2S2T1 NAV/ABAS REG/B32FF EET/ZHWH0055 ZLHW0125
 SEL/AQKL 
CODE/781FD5 RMK/ACASII AND CATII)"
2025-08-01_CES2368_ZLXY_ZYCC,2025-08-01 16:53:27,CHG,CES2368,,,,,,ZLXY,ZYCC,ZYCC,ZYHB,,,,,"(CHG-CES2368-ZLXY1135-ZYCC-DOF/250801
-16/ZYCC0234 ZYHB)"
2025-08-01_CHH7897_ZLXY_ZJSY,2025-08-01 17:00:29,FPL,CHH7897,,A21N,,B32LY,,ZLXY,ZJSY,,,,,,,"(FPL-CHH7897-IS
-A21N/M-SDE1E2E3FGHIM1RWYZ/LB1
-ZLXY1340
-M078S0980 NSH W30 TAMUS W180 LIDMA/M078S1070 W180 ELBAV 
W181 P478 H68 P479 R339 BHY W70 NYB/M078S0980 G221 WL
-ZJSY0244 ZJHK ZJQH
-PBN/A1B1C1D1L1O1S2 NAV/ABAS DOF/250801 REG/B32LY EET/ZPKM0031
 ZGZU0123 
ZJSA0213 SEL/2759 CODE/78224D OPR/HAINAN AIRLINES RMK/ACAS II)"
2025-08-01_CES2462_ZLXY_ZHHH,2025-08-01 17:02:42,CHG,CES2462,,,,,,ZLXY,ZHHH,ZHHH,ZHYC,ZSCN,,,,"(CHG-CES2462-ZLXY1140-ZHHH-DOF/250801
-16/ZHHH0116 ZHYC ZSCN)"
2025-08-01_CES2246_ZYHB_ZLXY,2025-08-01 17:02:47,FPL,CES2246,,A21N,,B32N1,,ZYHB,ZLXY,,,,,,,"(FPL-CES2246-IS
-A21N/M-SDE1E2E3FGHIM1RWY/LB1
-ZYHB1320
-K0872S0920 LEGAG W204 RUSBO G212 DULEX/K0872S0980 G212 TGO B334 
KAKAT W28 VERMI H13 HET W84 IBARO W47 UGPOR/K0859S0920 W47 LOVRA
-ZLXY0259 ZHCC
-PBN/A1B1C1D1L1O1S2 SUR/260B DOF/250801 REG/B32N1 EET/ZBPE0103
 ZLHW0212 
SEL/KMHQ CODE/7822C7 RMK/TCAS II CAT II APPROVED)"
2025-08-01_CDG4964_ZLXY_ZSQD,2025-08-01 17:14:24,DLA,CDG4964,,,,,,ZLXY,ZSQD,,,,1140,,,(DLA-CDG4964-ZLXY1140-ZSQD-DOF/250801)
2025-08-01_HXA2757_ZLXY_ZBXZ,2025-08-01 17:31:51,DLA,HXA2757,,,,,,ZLXY,ZBXZ,,,,1010,,,(DLA-HXA2757-ZLXY1010-ZBXZ-DOF/250801)
2025-08-01_CES6531_ZSQD_ZLXY,2025-08-01 17:41:06,CHG,CES6531,,,,,,ZSQD,ZLXY,ZLXY,ZLYL,,,,,"(CHG-CES6531-ZSQD1210-ZLXY-DOF/250801
-16/ZLXY0141 ZLYL)"
2025-08-01_CES2264_ZLXY_ZPPP,2025-08-01 17:59:48,CHG,CES2264,,,,,,ZLXY,ZPPP,ZPPP,ZUGY,,,,,"(CHG-CES2264-ZLXY1315-ZPPP-DOF/250801
-16/ZPPP0159 ZUGY)"
2025-08-01_CRK419_ZLXY_VHHH,2025-08-01 18:03:20,FPL,CRK419,,A320,,BLPO,,ZLXY,VHHH,,,,,,,"(FPL-CRK419-IS
-A320/M-SDE3FGHIRWY/LB1
-ZLXY1830
-K0863S1040 NSH W30 TAMUS/K0862S1070 W180 IVSOL/K0859S1100 W180 
BONSA/K0861S1070 W180 LIDMA W182 LAGEX G586 SJG/K0843S1130 B330 
POU R473 SIERA
-VHHH0248 ZGSZ
-PBN/A1B1C1D1L1O2S2T1 DOF/250801 REG/BLPO EET/ZPKM0033 ZGZU0128
 VHHK0219 
SEL/KQBF CODE/780A9E PER/C RMK/TCAS II EQUIPPED)"
2025-08-01_CES2767_ZSNJ_ZLXY,2025-08-01 18:05:12,CHG,CES2767,,,,,,ZSNJ,ZLXY,ZLXY,ZHLY,,,,,"(CHG-CES2767-ZSNJ1215-ZLXY-DOF/250801
-16/ZLXY0138 ZHLY)"
2025-08-01_CES9959_ZLXY_ZLXN,2025-08-01 18:11:16,CHG,CES9959,,,,,,ZLXY,ZLXN,ZLXN,ZLXY,,,,,"(CHG-CES9959-ZLXY1235-ZLXN-DOF/250801
-16/ZLXN0108 ZLXY)"
2025-08-01_CSS7501_ZLXY_ZHEC,2025-08-01 18:11:28,CHG,CSS7501,,,,,,ZLXY,ZHEC,ZHEC,ZHHH,,,,,"(CHG-CSS7501-ZLXY1615-ZHEC-DOF/250801
-16/ZHEC0119 ZHHH)"
2025-08-01_CSS7501_ZLXY_ZHEC,2025-08-01 18:11:35,CHG,CSS7501,,,,,,ZLXY,ZHEC,ZHEC,ZHHH,,,,,"(CHG-CSS7501-ZLXY1615-ZHEC-DOF/250801
-16/ZHEC0119 ZHHH)"
2025-08-01_CES2710_ZLXY_ZSWX,2025-08-01 18:15:59,CHG,CES2710,,,,,,ZLXY,ZSWX,ZSWX,ZSCG,,,,,"(CHG-CES2710-ZLXY1225-ZSWX-DOF/250801
-16/ZSWX0139 ZSCG)"
2025-08-01_CRK418_VHHH_ZLXY,2025-08-01 18:16:10,FPL,CRK418,,A320,,BLPO,,VHHH,ZLXY,,,,,,,"(FPL-CRK418-IS
-A320/M-SDE3FGHIRWY/LB1
-VHHH1340
-K0802S0690 BEKOL A461 IDUMA/K0869S0980 A461 SHL W22 TEPID W24 
OSNOV/K0865S1040 G586 QP B330 ELKAL W179 IGNAK/K0864S1070 W179 
WFX W81 NSH
-ZLXY0250 ZUTF
-PBN/A1B1C1D1L1O2S2T1 DOF/250801 REG/BLPO EET/ZGZU0010 ZPKM0106
 ZLHW0219 
SEL/KQBF CODE/780A9E PER/C RMK/TCAS II EQUIPPED)"
2025-08-01_CES9969_ZLXY_ZLYL,2025-08-01 18:22:57,CHG,CES9969,,,,,,ZLXY,ZLYL,ZLYL,ZLXY,,,,,"(CHG-CES9969-ZLXY1310-ZLYL-DOF/250801
-16/ZLYL0044 ZLXY)"
2025-08-01_CES2384_ZGHA_ZLXY,2025-08-01 18:28:11,CHG,CES2384,,,,,,ZGHA,ZLXY,ZLXY,ZHCC,,,,,"(CHG-CES2384-ZGHA1235-ZLXY-DOF/250801
-16/ZLXY0129 ZHCC)"
2025-08-01_CES9563_ZLXY_ZBHH,2025-08-01 18:30:15,CHG,CES9563,,,,,,ZLXY,ZBHH,ZBHH,ZLYL,,,,,"(CHG-CES9563-ZLXY1255-ZBHH-DOF/250801
-16/ZBHH0112 ZLYL)"
2025-08-01_CSC3298_ZSQD_ZLXY,2025-08-01 18:31:48,FPL,CSC3298,,A20N,,B32A6,,ZSQD,ZLXY,,,,,,,"(FPL-CSC3298-IS
-A20N/M-SDE1E2E3FGHIM3RWY/EB2
-ZSQD1410
-K0780S1040 WFG W103 MUMUN W4 TAMIX/K0819S0720 W4 OMLIX/K0765S0660 
W4 SHX
-ZLXY0140 ZLLL ZBYN
-PBN/A1B1C1D1L1O1S2T1 DOF/250801 REG/B32A6 EET/ZHWH0038 ZLHW0117
 SEL/GLCQ 
CODE/781DE1 OPR/SICHUAN AIRLINES RMK/ACAS II CAT II)"
2025-08-01_CES2365_ZLXY_ZBDS,2025-08-01 18:41:10,CHG,CES2365,,,,,,ZLXY,ZBDS,ZBDS,ZLYL,,,,,"(CHG-CES2365-ZLXY1310-ZBDS-DOF/250801
-16/ZBDS0055 ZLYL)"
2025-08-01_CES2276_ZLYL_ZLXY,2025-08-01 18:46:09,CHG,CES2276,,,,,,ZLYL,ZLXY,ZLXY,ZLYL,,,,,"(CHG-CES2276-ZLYL1255-ZLXY-DOF/250801
-16/ZLXY0047 ZLYL)"
2025-08-01_CES5726_ZLXY_ZPDL,2025-08-01 18:49:09,CHG,CES5726,,,,,,ZLXY,ZPDL,ZPDL,ZPPP,ZPBS,,,,"(CHG-CES5726-ZLXY1305-ZPDL-DOF/250801
-16/ZPDL0209 ZPPP ZPBS)"
2025-08-01_CES2341_ZLXY_ZGSD,2025-08-01 18:59:29,CHG,CES2341,,,,,,ZLXY,ZGSD,ZGSD,ZGOW,,,,,"(CHG-CES2341-ZLXY1420-ZGSD-DOF/250801
-16/ZGSD0218 ZGOW)"
2025-08-01_CSC3275_ZLXY_ZSYT,2025-08-01 19:02:27,FPL,CSC3275,,A20N,,B32A6,,ZLXY,ZSYT,,,,,,,"(FPL-CSC3275-IS
-A20N/M-SDE1E2E3FGHIM3RWY/EB2
-ZLXY2235
-K0780S0950 SHX W4 MUMUN W103 YQG/K0765S0630 W103 WFG/K0657S0510 H30
 
HCH
-ZSYT0150 ZBTJ ZSJN
-PBN/A1B1C1D1L1O1S2T1 DOF/250801 REG/B32A6 EET/ZHWH0020 ZSHA0101
 SEL/GLCQ 
CODE/781DE1 OPR/SICHUAN AIRLINES RMK/ACAS II)"
2025-08-01_CCA8114_ZLXY_ZBHH,2025-08-01 19:02:42,FPL,CCA8114,,AJ27,,B653L,,ZLXY,ZBHH,,,,,,,"(FPL-CCA8114-IS
-AJ27/M-SDE1E2E3FGHIRWYZ/LB1
-ZLXY1430
-K0859S0890 WJC W193 ALGOV W101 VALNI
-ZBHH0119 ZBAD
-PBN/A1B1C1D1L1O1S2 NAV/ABAS RNP2 DOF/250801 REG/B653L EET/ZBPE0041 
SEL/MRGP CODE/781EC4 RMK/TCAS)"
2025-08-01_CCA1205_ZBAA_ZLXY,2025-08-01 19:03:33,DLA,CCA1205,,,,,,ZBAA,ZLXY,,,,1245,,,(DLA-CCA1205-ZBAA1245-ZLXY-DOF/250801)
2025-08-01_CDC8154_ZLXY_ZSHC,2025-08-01 19:04:40,FPL,CDC8154,,A21N,,B325K,,ZLXY,ZSHC,,,,,,,"(FPL-CDC8154-IS
-A21N/M-SDE1FGHIM3RWY/LB2
-ZLXY1425
-K0863S0890 P17 H131 P62 H11 ML W118 REVKU H48 FYG B208 HFE R343 
UPLEL W95 SAPIN A470 IGRAT
-ZSHC0150 ZSNB
-PBN/A1B1C1D1L1O1S2 DOF/250801 REG/B325K EET/ZHWH0025 ZSHA0101
 SEL/GJFS 
CODE/781C31 OPR/ZHEJIANGLOONGAIR RMK/HUD I CAT II ACAS II AOC TEL 
057182352500 OR 057181689590)"
2025-08-01_CES6201_ZLXY_ZLZY,2025-08-01 19:10:33,CHG,CES6201,,,,,,ZLXY,ZLZY,ZLZY,ZLLL,,,,,"(CHG-CES6201-ZLXY1330-ZLZY-DOF/250801
-16/ZLZY0117 ZLLL)"
2025-08-01_CES2436_ZWKL_ZLXY,2025-08-01 19:13:20,CHG,CES2436,,,,,,ZWKL,ZLXY,ZLXY,ZLYL,,,,,"(CHG-CES2436-ZWKL1335-ZLXY-DOF/250801
-16/ZLXY0244 ZLYL)"
2025-08-01_CES2378_ZWAT_ZLXY,2025-08-01 19:37:45,CHG,CES2378,,,,,,ZWAT,ZLXY,ZLXY,ZHCC,,,,,"(CHG-CES2378-ZWAT1355-ZLXY-DOF/250801
-16/ZLXY0258 ZHCC)"
2025-08-01_CES2390_ZLXY_ZSNB,2025-08-01 19:49:28,CHG,CES2390,,,,,,ZLXY,ZSNB,ZSNB,ZSHC,,,,,"(CHG-CES2390-ZLXY1400-ZSNB-DOF/250801
-16/ZSNB0210 ZSHC)"
2025-08-01_CES2376_ZLGM_ZLXY,2025-08-01 19:53:45,CHG,CES2376,,,,,,ZLGM,ZLXY,ZLXY,ZHCC,,,,,"(CHG-CES2376-ZLGM1430-ZLXY-DOF/250801
-16/ZLXY0148 ZHCC)"
2025-08-01_CES2318_ZGNN_ZLXY,2025-08-01 19:54:26,CHG,CES2318,,,,,,ZGNN,ZLXY,ZLXY,ZHCC,,,,,"(CHG-CES2318-ZGNN1445-ZLXY-DOF/250801
-16/ZLXY0201 ZHCC)"
2025-08-01_CES6956_ZLXY_ZGGG,2025-08-01 20:01:51,CHG,CES6956,,,,,,ZLXY,ZGGG,ZGGG,ZGOW,,,,,"(CHG-CES6956-ZLXY1430-ZGGG-DOF/250801
-16/ZGGG0224 ZGOW)"
2025-08-01_CES2121_ZLXY_ZBAD,2025-08-01 20:07:35,CHG,CES2121,,,,,,ZLXY,ZBAD,ZBAD,ZBSJ,,,,,"(CHG-CES2121-ZLXY1430-ZBAD-DOF/250801
-16/ZBAD0120 ZBSJ)"
2025-08-01_KAL327_RKSI_ZLXY,2025-08-01 20:10:37,FPL,KAL327,,B744,,HL7601,,RKSI,ZLXY,,,,,,,"(FPL-KAL327-IS
-B744/H-SDE2FGHIJ3J5M1P2RWXYZ/LB1D1
-RKSI1505
-N0492F320 DCT NOPIK Y697 AGAVO/K0919S1040 A591 IKEKA W4 HCH W200 
DOVIV W55 PAMRU W34 VYK B215 GODON W43 GUTRU W47 LOVRA
-ZLXY0224 ZBAA
-PBN/A1B1C1D1L1O1S2 DAT/1FANS CPDLCX SUR/RSP180 260B CANMANDATE
 DOF/250801 
REG/HL7601 EET/ZSHA0021 ZBPE0052 ZLHW0151 SEL/CSDM CODE/71BE01
 RMK/TCAS 
II EQUIPPED CARGO)"
2025-08-01_CES9962_ZSLQ_ZLXY,2025-08-01 20:17:53,CHG,CES9962,,,,,,ZSLQ,ZLXY,ZLXY,ZHCC,,,,,"(CHG-CES9962-ZSLQ1430-ZLXY-DOF/250801
-16/ZLXY0200 ZHCC)"
2025-08-01_CES204_ZLXY_ZBDS,2025-08-01 20:23:07,CHG,CES204,,,,,,ZLXY,ZBDS,ZBDS,ZBYN,,,,,"(CHG-CES204-ZLXY1515-ZBDS-DOF/250801
-16/ZBDS0056 ZBYN)"
2025-08-01_CYZ9033_ZLXY_ZSNJ,2025-08-01 20:28:52,CHG,CYZ9033,,,,,B5305,ZLXY,ZSNJ,,,,1400,,,"(CHG-CYZ9033-ZLXY1000-ZSNJ-DOF/250801
-13/ZLXY1400
-18/PBN/B2B3B4B5C1D1O1S2 NAV/ABAS DOF/250801 REG/B5305 EET/ZHWH0026
 ZSHA0104 
SEL/BKDJ CODE/7802E7 OPR/CHINA POSTAL RMK/TCAS EQUIPPED)"
2025-08-01_CES2290_ZSWZ_ZLXY,2025-08-01 20:29:55,CHG,CES2290,,,,,,ZSWZ,ZLXY,,,,1440,,,"(CHG-CES2290-ZSWZ1415-ZLXY-DOF/250801
-13/ZSWZ1440)"
2025-08-01_CES2768_ZLXY_ZSNJ,2025-08-01 20:43:57,CHG,CES2768,,,,,,ZLXY,ZSNJ,ZSNJ,ZSHC,ZSCG,,,,"(CHG-CES2768-ZLXY1535-ZSNJ-DOF/250801
-16/ZSNJ0128 ZSHC ZSCG)"
2025-08-01_CES2366_ZBDS_ZLXY,2025-08-01 20:56:57,CHG,CES2366,,,,,,ZBDS,ZLXY,ZLXY,ZLYL,,,,,"(CHG-CES2366-ZBDS1525-ZLXY-DOF/250801
-16/ZLXY0058 ZLYL)"
2025-08-01_CSC6345_ZUTF_ZLXY,2025-08-01 21:40:21,CPL,CSC6345,CSC6345,319,A319,B8798,B8798,ZUTF,ZLXY,ZLXY,,,,,,"(CPL-CSC6345/A2545-IS
-A319/M-SDE1E2E3FGHIM3RWY/EB1
-ZUTF-XNN/1329S0660
-K0780S1040 XNN UPVOP W111 BIGUX W214 HO
-ZLXY
-PBN/A1B1C1D1L1O1S2T1 DOF/250801 REG/B8798 EET/ZLHW0029 SEL/GHAS
CODE/7810E8 OPR/SICHUAN AIRLINES RALT/ZLXN ZLXY ZUTF RMK/ACAS II
ALTERNATE ZLXY DUE TO ZLXN WX)"
2025-08-01_CSC3265_ZLXY_ZWSH,2025-08-01 21:52:24,FPL,CSC3265,,A20N,,B30E0,,ZLXY,ZWSH,,,,,,,"(FPL-CSC3265-IS
-A20N/M-SDE1E2E3FGHIM3RWY/EB1
-ZLXY2300
-K0780S1040 TEBIB W541 OVKAB W94 XFG/K0843S0920 W213 APESU W197 
ANDIM B215 NIXUK W621 DNH W187 SADAN/K0757S0660 W186 AKS W176 KHG
-ZWSH0420 ZWSC ZWKC
-PBN/A1B1C1D1L1O1S2T1 DOF/250801 REG/B30E0 EET/ZWUQ0218 SEL/BRCS
 CODE/7818DE 
OPR/SICHUAN AIRLINES RALT/ZLXY ZLDH ZWSH RMK/ACAS II)"
2025-08-01_CBJ5320_ZLXN_ZLXY,2025-08-01 22:07:14,DLA,CBJ5320,,,,,,ZLXN,ZLXY,,,,1555,,,(DLA-CBJ5320-ZLXN1555-ZLXY-DOF/250801)
2025-08-01_CES2984_ZLXY_ZSCG,2025-08-01 22:10:06,CHG,CES2984,,,,,,ZLXY,ZSCG,ZSCG,ZSPD,ZSHC,,,,"(CHG-CES2984-ZLXY1705-ZSCG-DOF/250801
-16/ZSCG0136 ZSPD ZSHC)"
2025-08-01_CES6202_ZLZY_ZLXY,2025-08-01 22:26:13,CHG,CES6202,,,,,,ZLZY,ZLXY,ZLXY,ZHCC,,,,,"(CHG-CES6202-ZLZY1555-ZLXY-DOF/250801
-16/ZLXY0118 ZHCC)"
2025-08-01_KAL327_ZLXY_ZHCC,2025-08-01 23:16:34,FPL,KAL327,,B744,,HL7601,,ZLXY,ZHCC,,,,,,,"(FPL-KAL327-IS
-B744/H-SDE2FGHIJ3J5M1P2RWXYZ/LB1D1
-ZLXY1920
-K0896S1010 WJC G212 EXORI B208 NOPIN
-ZHCC0126 ZBAA
-PBN/A1B1C1D1L1O1S2 DAT/1FANS CPDLCX SUR/RSP180 260B CANMANDATE
 DOF/250801 
REG/HL7601 EET/ZBPE0030 ZHWH0057 SEL/CSDM CODE/71BE01 RMK/TCAS II 
EQUIPPED CARGO)"
2025-08-01_CDC8153_ZSHC_ZLXY,2025-08-02 00:10:08,FPL,CDC8153,,A21N,,B32JX,,ZSHC,ZLXY,,,,,,,"(FPL-CDC8153-IS
-A21N/M-SDE1FGHIM3RWY/LB2
-ZSHC2240
-K0872S0840 NIVIK W135 DOGVI W545 VEMEX W163 HFE B208 ZHO H14 SHX
-ZLXY0155 ZHLY
-PBN/A1B1C1D1L1O1S2 DOF/250801 REG/B32JX EET/ZHWH0100 ZLHW0147
 SEL/DMPQ 
CODE/7821AE OPR/ZHEJIANGLOONGAIR RMK/ACAS II AOC TEL 057182352500 
OR 057181689590)"
2025-08-01_CSN6413_ZYTX_ZLXY,2025-08-02 00:18:52,FPL,CSN6413,,A21N,,B303X,,ZYTX,ZLXY,,,,,,,"(FPL-CSN6413-IS
-A21N/M-SDE2E3FGHIJ3J7LM3OP2RVWYZ/LB1D1
-ZYTX2355
-K0876S0920 TOSID A588 UDETI W106 MAKNO W5 HCH W4 SHX
-ZLXY0224 ZHNY
-PBN/A1B1C1D1L1O1S2 NAV/ABAS RNP2 DOF/250801 REG/B303X EET/ZSHA0044 
ZHWH0124 ZLHW0201 SEL/FSAE CODE/781570 PER/C RMK/ACASII HUD)"
2025-08-01_CDC8047_ZLXY_ZSNB,2025-08-02 00:31:45,FPL,CDC8047,,A319,,B303T,,ZLXY,ZSNB,,,,,,,"(FPL-CDC8047-IX
-A319/M-SDE1FGHIM3RWY/LB2
-ZLXY1920
-K0813S0890 P17 H131 P62 H11 ML W118 REVKU H48 FYG B208 HFE R343 PK 
W116 JTN V140 GOVNI B221 AND
-ZSNB0235 ZSHC
-PBN/A1B1C1D1L1O1S2 DOF/250801 REG/B303T EET/ZHWH0024 ZSHA0058
 SEL/DRBH 
CODE/78156D OPR/ZHEJIANGLOONGAIR RMK/TCAS AOC TEL 057182352500 OR 
057181689590)"
2025-08-01_CDC8047_ZLXY_ZSNB,2025-08-02 00:31:56,DLA,CDC8047,,,,,,ZLXY,ZSNB,,,,1450,,,(DLA-CDC8047-ZLXY1450-ZSNB-DOF/250801)
2025-08-01_CDC8047_ZLXY_ZSNB,2025-08-02 00:48:29,DLA,CDC8047,,,,,,ZLXY,ZSNB,,,,1450,,,(DLA-CDC8047-ZLXY1450-ZSNB-DOF/250801)
2025-08-01_CES5199_ZLXY_ZBAD,2025-08-02 01:18:51,FPL,CES5199,,A21N,,B32N1,,ZLXY,ZBAD,,,,,,,"(FPL-CES5199-IS
-A21N/M-SDE1E2E3FGHIM1RWY/LB1
-ZLXY2230
-K0889S0810 WJC G212 TONOV/K0835S0690 G212 BELAX
-ZBAD0122 ZBSJ
-PBN/A1B1C1D1L1O1S2 SUR/260B DOF/250801 REG/B32N1 EET/ZBPE0026
 SEL/KMHQ 
CODE/7822C7 RMK/TCAS II CAT II APPROVED)"
2025-08-01_CDG8733_ZSJN_ZLXY,2025-08-02 02:51:34,FPL,CDG8733,,B38M,,B20E2,,ZSJN,ZLXY,,,,,,,"(FPL-CDG8733-IS
-B38M/M-SDE2E3FGHIRWYZ/LB1
-ZSJN2250
-K0848S1040 GULEK W4 SHX
-ZLXY0123 ZLIC ZHLY
-PBN/A1B1C1D1L1O1S2 NAV/RNP2 ABAS DOF/250801 REG/B20E2 EET/ZHWH0021 
ZLHW0105 SEL/BPDL CODE/781865 PER/C RMK/ACAS II HUD SA CAT I HUD 
CAT II HUD SA CAT II HUD LVTO)"
2025-08-01_CES2125_ZLXY_ZHHH,2025-08-02 03:21:33,CHG,CES2125,,,,,,ZLXY,ZHHH,ZHHH,ZSCN,,,,,"(CHG-CES2125-ZLXY2240-ZHHH-DOF/250801
-16/ZHHH0116 ZSCN)"
2025-08-01_CCA792_UACC_ZLXY,2025-08-02 03:29:07,DLA,CCA792,,,,,,UACC,ZLXY,,,,1940,,,(DLA-CCA792-UACC1940-ZLXY-DOF/250801)
2025-08-01_CES2199_ZLXY_ZSYT,2025-08-02 03:29:26,CHG,CES2199,,,,,,ZLXY,ZSYT,ZSYT,ZSQD,,,,,"(CHG-CES2199-ZLXY2215-ZSYT-DOF/250801
-16/ZSYT0136 ZSQD)"
2025-08-01_CES2335_ZSPD_ZLXY,2025-08-02 03:46:16,CHG,CES2335,,,,,,ZSPD,ZLXY,ZLXY,ZHCC,,,,,"(CHG-CES2335-ZSPD2245-ZLXY-DOF/250801
-16/ZLXY0200 ZHCC)"
2025-08-01_CHH7898_ZJSY_ZLXY,2025-08-02 03:49:47,FPL,CHH7898,,A21N,,B32LY,,ZJSY,ZLXY,,,,,,,"(FPL-CHH7898-IS
-A21N/M-SDE1E2E3FGHIM1RWYZ/LB1
-ZJSY2330
-M078S1070 PORAP W222 NUMKU W223 AGTEL W71 LH/M078S1100 R339 
P477 H19 KWE W3 OVSUS/M078S1070 W3 DS W4 IGIRO H39 AKD H36 
NSH
-ZLXY0254 ZLYL ZHNY
-PBN/A1B1C1D1L1O1S2 NAV/ABAS DOF/250801 REG/B32LY EET/ZGZU0029
 ZPKM0123 
ZLHW0219 SEL/2759 CODE/78224D OPR/HAINAN AIRLINES RMK/ACAS II)"
2025-08-01_CES5199_ZLXY_ZBAD,2025-08-02 04:06:53,CHG,CES5199,,,,,B32LT,ZLXY,ZBAD,,,,,,,"(CHG-CES5199-ZLXY2230-ZBAD-DOF/250801
-18/PBN/A1B1C1D1L1O1S2 SUR/260B DOF/250801 REG/B32LT EET/ZBPE0026
 SEL/FMBL 
CODE/782242 RMK/TCAS II CAT II APPROVED)"
2025-08-01_CES873_ZLXY_ZPPP,2025-08-02 04:09:46,CHG,CES873,,,,,,ZLXY,ZPPP,ZPPP,ZUGY,,,,,"(CHG-CES873-ZLXY2250-ZPPP-DOF/250801
-16/ZPPP0143 ZUGY)"
2025-08-01_CES9989_ZLXY_ZBDS,2025-08-02 04:12:50,CHG,CES9989,,,,,,ZLXY,ZBDS,ZBDS,ZBYN,ZLXY,,,,"(CHG-CES9989-ZLXY2215-ZBDS-DOF/250801
-16/ZBDS0054 ZBYN ZLXY)"
2025-08-01_CES9857_ZLXY_ZUMT,2025-08-02 04:14:43,CHG,CES9857,,,,,,ZLXY,ZUMT,ZUMT,ZUCK,,,,,"(CHG-CES9857-ZLXY2310-ZUMT-DOF/250801
-16/ZUMT0105 ZUCK)"
2025-08-01_CCA8105_ZBHH_ZLXY,2025-08-02 04:17:11,FPL,CCA8105,,AJ27,,B91A9,,ZBHH,ZLXY,,,,,,,"(FPL-CCA8105-IS
-AJ27/M-SDE1E2E3FGHIRWYZ/LB1
-ZBHH2355
-K0846S0920 IBARO W47 LOVRA
-ZLXY0118 ZHCC
-PBN/A1B1C1D1L1O1S2 NAV/ABAS RNP2 DOF/250801 REG/B91A9 EET/ZLHW0035 
SEL/MPCL CODE/781F6C RMK/TCAS)"
2025-08-01_CES2423_ZLXY_ZSWA,2025-08-02 04:22:01,CHG,CES2423,,,,,,ZLXY,ZSWA,ZSWA,ZSOF,,,,,"(CHG-CES2423-ZLXY2220-ZSWA-DOF/250801
-16/ZSWA0133 ZSOF)"
2025-08-01_CES2145_ZLXY_ZLXN,2025-08-02 04:26:32,CHG,CES2145,,,,,,ZLXY,ZLXN,ZLXN,ZLLL,,,,,"(CHG-CES2145-ZLXY2240-ZLXN-DOF/250801
-16/ZLXN0104 ZLLL)"
2025-08-01_CES2155_ZLYL_ZLXY,2025-08-02 04:34:56,CHG,CES2155,,,,,,ZLYL,ZLXY,ZLXY,ZHCC,,,,,"(CHG-CES2155-ZLYL2255-ZLXY-DOF/250801
-16/ZLXY0047 ZHCC)"
2025-08-01_CES2281_ZLXY_ZSYW,2025-08-02 04:44:58,CHG,CES2281,,,,,,ZLXY,ZSYW,ZSYW,ZSHC,,,,,"(CHG-CES2281-ZLXY2305-ZSYW-DOF/250801
-16/ZSYW0159 ZSHC)"
2025-08-01_CES9802_ZLXY_ZSPD,2025-08-02 04:45:59,CHG,CES9802,,,,,,ZLXY,ZSPD,ZSPD,ZSHC,,,,,"(CHG-CES9802-ZLXY2300-ZSPD-DOF/250801
-16/ZSPD0145 ZSHC)"
2025-08-01_CES2213_ZLYL_ZLXY,2025-08-02 04:53:57,CHG,CES2213,,,,,,ZLYL,ZLXY,ZLXY,ZHCC,,,,,"(CHG-CES2213-ZLYL2325-ZLXY-DOF/250801
-16/ZLXY0048 ZHCC)"
2025-08-01_CSH9553_ZSWZ_ZLXY,2025-08-02 05:06:05,CHG,CSH9553,,,,,,ZSWZ,ZLXY,ZLXY,ZHCC,,,,,"(CHG-CSH9553-ZSWZ2305-ZLXY-DOF/250801
-16/ZLXY0217 ZHCC)"
2025-08-01_CES2149_ZLXY_ZUGY,2025-08-02 05:23:13,CHG,CES2149,,,,,,ZLXY,ZUGY,ZUGY,ZGKL,,,,,"(CHG-CES2149-ZLXY2330-ZUGY-DOF/250801
-16/ZUGY0116 ZGKL)"
2025-08-01_CES9564_ZBHH_ZLXY,2025-08-02 05:26:10,CHG,CES9564,,,,,,ZBHH,ZLXY,ZLXY,ZLYL,,,,,"(CHG-CES9564-ZBHH2355-ZLXY-DOF/250801
-16/ZLXY0118 ZLYL)"
2025-08-01_CES2252_ZWWW_ZLXY,2025-08-02 05:35:16,CHG,CES2252,,,,,,ZWWW,ZLXY,ZLXY,ZLYL,,,,,"(CHG-CES2252-ZWWW2345-ZLXY-DOF/250801
-16/ZLXY0234 ZLYL)"
2025-08-01_CES2387_ZLXY_ZSNJ,2025-08-02 05:36:16,CHG,CES2387,,,,,,ZLXY,ZSNJ,ZSNJ,ZSOF,,,,,"(CHG-CES2387-ZLXY2340-ZSNJ-DOF/250801
-16/ZSNJ0130 ZSOF)"
2025-08-01_CES2461_ZHHH_ZLXY,2025-08-02 05:38:18,CHG,CES2461,,,,,,ZHHH,ZLXY,ZLXY,ZHSY,,,,,"(CHG-CES2461-ZHHH2340-ZLXY-DOF/250801
-16/ZLXY0121 ZHSY)"
